latitude,longitude,brightness,scan,track,acq_date,acq_time,satellite,confidence,version,bright_t31,frp,daynight
-1.397,120.755,309.8,1.1,1,1/28/2021,220,T,44,6.0NRT,286.5,5.6,D
-2.576,121.383,313.1,1,1,1/28/2021,220,T,71,6.0NRT,285.4,6.5,D
-2.83,122.162,319.3,1,1,1/28/2021,220,T,53,6.0NRT,290.8,9.7,D
-3.866,120.263,315.5,1.1,1,1/28/2021,220,T,68,6.0NRT,286.5,8.1,D
-4.036,120.236,311.3,1.1,1,1/28/2021,220,T,46,6.0NRT,281.4,5,D
9.558,122.923,314,1.1,1,1/28/2021,215,T,68,6.0NRT,291.3,8.1,D
6.857,124.326,309.5,1,1,1/28/2021,215,T,55,6.0NRT,289.7,5.7,D
29.797,106.678,302.5,1.1,1,1/28/2021,350,T,52,6.0NRT,282.4,5.7,D
26.397,114.686,306.2,4.1,1.9,1/28/2021,350,T,0,6.0NRT,279,57.8,D
26.935,111.378,308.5,2.3,1.5,1/28/2021,350,T,67,6.0NRT,285.5,33.9,D
26.931,111.402,307.9,2.4,1.5,1/28/2021,350,T,66,6.0NRT,285.5,32.7,D
27.742,102.206,303.4,1.1,1,1/28/2021,350,T,55,6.0NRT,290.7,4.2,D
27.74,102.216,302.5,1.1,1,1/28/2021,350,T,37,6.0NRT,289.7,3.8,D
26.978,103.771,308.5,1,1,1/28/2021,350,T,47,6.0NRT,284.8,8.7,D
27.16,101.193,306.7,1.2,1.1,1/28/2021,350,T,46,6.0NRT,284,9.5,D
27.15,101.192,316.9,1.2,1.1,1/28/2021,350,T,77,6.0NRT,282.8,19.6,D
26.997,101.732,308.7,1.1,1,1/28/2021,350,T,63,6.0NRT,285.6,10.4,D
26.996,101.742,312.3,1.1,1,1/28/2021,350,T,62,6.0NRT,290.5,13.2,D
27.032,101.248,301,1.2,1.1,1/28/2021,350,T,22,6.0NRT,289.3,5.2,D
27.022,101.245,302.5,1.2,1.1,1/28/2021,350,T,30,6.0NRT,289.9,6,D
26.941,101.574,313,1.1,1.1,1/28/2021,350,T,48,6.0NRT,289.5,12.8,D
26.937,101.568,301,1.1,1.1,1/28/2021,350,T,0,6.0NRT,287.4,6,D
26.917,101.497,300.6,1.1,1.1,1/28/2021,350,T,0,6.0NRT,287.6,4.9,D
26.866,101.881,310.6,1.1,1,1/28/2021,350,T,70,6.0NRT,284.6,12.6,D
26.937,101.273,301.6,1.1,1.1,1/28/2021,350,T,40,6.0NRT,287.7,5.6,D
26.857,101.332,307.4,1.1,1.1,1/28/2021,350,T,65,6.0NRT,292.3,8.8,D
26.722,101.992,324.7,1.1,1,1/28/2021,350,T,83,6.0NRT,288.1,24.3,D
26.72,102.003,314.4,1.1,1,1/28/2021,350,T,75,6.0NRT,288.7,13.1,D
26.649,101.516,312.1,1.1,1.1,1/28/2021,350,T,69,6.0NRT,292.1,11.5,D
26.647,101.527,306.4,1.1,1.1,1/28/2021,350,T,45,6.0NRT,292.5,7,D
26.612,101.72,316,1.1,1,1/28/2021,350,T,76,6.0NRT,296.3,13.6,D
26.678,101.144,365.5,1.2,1.1,1/28/2021,350,T,100,6.0NRT,293.6,125.8,D
26.677,101.155,328.8,1.2,1.1,1/28/2021,350,T,86,6.0NRT,291.8,33.4,D
26.619,101.598,306.2,1.1,1,1/28/2021,350,T,22,6.0NRT,293.6,5.6,D
26.604,101.64,307.4,1.1,1,1/28/2021,350,T,60,6.0NRT,292.8,6.6,D
26.581,101.67,314,1.1,1,1/28/2021,350,T,62,6.0NRT,294.1,9.9,D
26.572,101.668,318,1.1,1,1/28/2021,350,T,78,6.0NRT,295.8,14.1,D
26.576,101.518,306,1.1,1.1,1/28/2021,350,T,48,6.0NRT,295,6.1,D
26.511,101.994,321.3,1.1,1,1/28/2021,350,T,64,6.0NRT,287.8,18.9,D
26.51,102.004,323.6,1.1,1,1/28/2021,350,T,78,6.0NRT,290.6,21.9,D
26.566,101.517,305.5,1.1,1.1,1/28/2021,350,T,51,6.0NRT,294,5.9,D
26.502,101.992,314.9,1.1,1,1/28/2021,350,T,17,6.0NRT,287.7,12.7,D
26.535,101.535,305.7,1.1,1,1/28/2021,350,T,42,6.0NRT,293.8,4.9,D
26.491,101.727,308.1,1.1,1,1/28/2021,350,T,67,6.0NRT,293.2,6.5,D
26.477,101.618,308.2,1.1,1,1/28/2021,350,T,60,6.0NRT,285.1,8.9,D
26.47,101.621,316.8,1.1,1,1/28/2021,350,T,77,6.0NRT,288.2,16.9,D
26.429,101.789,302.6,1.1,1,1/28/2021,350,T,38,6.0NRT,291.3,3,D
26.301,101.773,307.6,1.1,1,1/28/2021,350,T,48,6.0NRT,292.9,6.7,D
25.655,101.246,307.6,1.1,1.1,1/28/2021,350,T,66,6.0NRT,293.1,6.9,D
23.688,109.167,302.6,1.9,1.4,1/28/2021,350,T,42,6.0NRT,285.2,8.1,D
23.357,108.753,316.9,1.8,1.3,1/28/2021,350,T,67,6.0NRT,289.1,33.1,D
24.408,100.402,303.6,1.2,1.1,1/28/2021,350,T,45,6.0NRT,290.8,5.8,D
24.407,100.413,303.2,1.2,1.1,1/28/2021,350,T,45,6.0NRT,292.1,5.4,D
23.922,100.685,309.4,1.1,1.1,1/28/2021,350,T,68,6.0NRT,290.4,10.3,D
23.92,100.697,306.1,1.1,1.1,1/28/2021,350,T,57,6.0NRT,288.3,7.9,D
23.608,101.432,305.1,1.1,1,1/28/2021,350,T,53,6.0NRT,291.9,5.4,D
23.599,101.431,307.1,1.1,1,1/28/2021,350,T,56,6.0NRT,292,6.9,D
23.437,100.877,307,1.1,1,1/28/2021,350,T,65,6.0NRT,292.3,8.1,D
23.517,100.203,304.7,1.2,1.1,1/28/2021,350,T,60,6.0NRT,291.3,8.4,D
23.515,100.214,304.8,1.2,1.1,1/28/2021,350,T,60,6.0NRT,289.1,8.1,D
21.838,110.413,302.4,2.6,1.5,1/28/2021,350,T,50,6.0NRT,290.7,12.8,D
21.861,109.74,302.6,2.3,1.5,1/28/2021,350,T,50,6.0NRT,290.7,12.6,D
23.037,102.735,317.1,1,1,1/28/2021,350,T,69,6.0NRT,292.3,12.7,D
23.178,101.007,308.6,1.1,1,1/28/2021,350,T,67,6.0NRT,291.2,9.5,D
23.177,101.018,310.5,1.1,1,1/28/2021,350,T,70,6.0NRT,289.5,10.8,D
23.207,100.721,307.6,1.1,1.1,1/28/2021,350,T,66,6.0NRT,290.3,9.2,D
21.665,109.993,306.4,2.4,1.5,1/28/2021,350,T,61,6.0NRT,291.9,16.4,D
21.484,109.426,315.6,2.2,1.4,1/28/2021,350,T,70,6.0NRT,293.8,31.9,D
21.481,109.447,313.4,2.2,1.5,1/28/2021,350,T,54,6.0NRT,292.9,25.8,D
22.649,99.995,301.3,1.2,1.1,1/28/2021,350,T,32,6.0NRT,290,4.4,D
22.647,99.989,303.3,1.2,1.1,1/28/2021,350,T,53,6.0NRT,289.3,6.4,D
22.909,97.409,335.4,1.7,1.3,1/28/2021,350,T,89,6.0NRT,296.4,75.2,D
22.046,100.689,308.5,1.1,1,1/28/2021,350,T,66,6.0NRT,298.1,6.3,D
22.499,95.642,315.3,2.3,1.5,1/28/2021,350,T,64,6.0NRT,301.7,18.6,D
22.502,95.636,315.3,2.3,1.5,1/28/2021,350,T,72,6.0NRT,301.7,19.6,D
21.731,101.762,308,1,1,1/28/2021,350,T,64,6.0NRT,292.1,6.5,D
21.73,101.771,307.6,1,1,1/28/2021,350,T,63,6.0NRT,291.4,6,D
22.365,96.56,319,2,1.4,1/28/2021,350,T,76,6.0NRT,299.9,31.8,D
22.039,97.448,311.6,1.7,1.3,1/28/2021,350,T,49,6.0NRT,297.8,11.6,D
22.012,97.281,310.4,1.7,1.3,1/28/2021,350,T,56,6.0NRT,296.7,13.8,D
21.519,100.855,327,1.1,1,1/28/2021,350,T,84,6.0NRT,292.8,25.9,D
21.06,103.372,307.4,1,1,1/28/2021,350,T,47,6.0NRT,293.1,5.7,D
20.717,100.602,309.1,1.1,1,1/28/2021,350,T,65,6.0NRT,294.1,8.1,D
20.707,100.601,309.5,1.1,1,1/28/2021,350,T,65,6.0NRT,293.5,8.3,D
20.783,99.972,311,1.1,1.1,1/28/2021,350,T,68,6.0NRT,294.4,9.4,D
20.287,102.813,308.6,1,1,1/28/2021,350,T,63,6.0NRT,294.1,6.9,D
20.285,102.822,304.3,1,1,1/28/2021,350,T,46,6.0NRT,293.2,4,D
20.81,98.09,314.7,1.5,1.2,1/28/2021,350,T,69,6.0NRT,295.6,17.6,D
20.799,98.088,305.8,1.5,1.2,1/28/2021,350,T,13,6.0NRT,294.6,5.9,D
20.349,100.323,325,1.1,1,1/28/2021,350,T,82,6.0NRT,299.2,21.4,D
20.348,100.333,316,1.1,1,1/28/2021,350,T,73,6.0NRT,298.6,11.2,D
20.186,99.631,309.3,1.2,1.1,1/28/2021,350,T,59,6.0NRT,297.1,6.8,D
20.352,97.234,320.6,1.6,1.3,1/28/2021,350,T,74,6.0NRT,306.2,18.4,D
19.903,99.758,314.1,1.1,1.1,1/28/2021,350,T,67,6.0NRT,297.9,9.6,D
20.061,97.833,310.3,1.5,1.2,1/28/2021,350,T,47,6.0NRT,296.5,8.3,D
19.974,98.523,310.8,1.3,1.1,1/28/2021,350,T,29,6.0NRT,299.3,7.4,D
19.711,99.53,311.4,1.2,1.1,1/28/2021,350,T,60,6.0NRT,299.8,8.3,D
19.226,102.689,318.9,1,1,1/28/2021,350,T,49,6.0NRT,300.2,14.6,D
19.498,100.039,314.8,1.1,1,1/28/2021,350,T,56,6.0NRT,301.6,6.9,D
19.242,101.078,312.2,1,1,1/28/2021,350,T,64,6.0NRT,297.9,6.5,D
19.272,98.197,308,1.4,1.2,1/28/2021,350,T,29,6.0NRT,297.5,6.1,D
18.851,100.058,310.5,1.1,1,1/28/2021,350,T,57,6.0NRT,298.6,5.8,D
18.204,104.212,320.5,1.2,1.1,1/28/2021,350,T,71,6.0NRT,305.4,10.3,D
18.107,104.55,326.2,1.2,1.1,1/28/2021,350,T,72,6.0NRT,302.8,20.9,D
18.269,103.278,312.4,1.1,1,1/28/2021,350,T,42,6.0NRT,300.9,4.8,D
18.267,103.287,313.8,1.1,1,1/28/2021,350,T,56,6.0NRT,301.3,5.9,D
18.29,102.234,318.4,1,1,1/28/2021,350,T,72,6.0NRT,300.9,9.8,D
18.288,102.244,318.8,1,1,1/28/2021,350,T,72,6.0NRT,300.4,10.7,D
17.807,105.206,308.4,1.3,1.1,1/28/2021,350,T,50,6.0NRT,293.8,9.6,D
18.537,99.856,314.2,1.1,1,1/28/2021,350,T,66,6.0NRT,300.9,7.1,D
18.521,99.033,325.6,1.2,1.1,1/28/2021,350,T,80,6.0NRT,300.9,20.8,D
18.337,100.246,318.6,1.1,1,1/28/2021,350,T,71,6.0NRT,300.4,9.9,D
18.336,100.255,317,1.1,1,1/28/2021,350,T,69,6.0NRT,300.8,8.4,D
18.633,97.456,309.8,1.5,1.2,1/28/2021,350,T,47,6.0NRT,295.6,6.7,D
17.706,103.679,317.4,1.1,1,1/28/2021,350,T,67,6.0NRT,302.6,7,D
17.704,103.689,319.8,1.1,1.1,1/28/2021,350,T,71,6.0NRT,302.5,9.3,D
17.534,104.676,313,1.2,1.1,1/28/2021,350,T,0,6.0NRT,299.4,6.9,D
18.176,99.018,311.6,1.2,1.1,1/28/2021,350,T,59,6.0NRT,298.9,8.1,D
17.321,104.409,316.7,1.2,1.1,1/28/2021,350,T,65,6.0NRT,301.6,8,D
17.041,105.112,312.3,1.3,1.1,1/28/2021,350,T,45,6.0NRT,298.6,8.8,D
17.802,99.46,313.8,1.1,1.1,1/28/2021,350,T,42,6.0NRT,297,6.4,D
17.547,99.91,328.1,1.1,1,1/28/2021,350,T,82,6.0NRT,301.1,19.4,D
17.035,103.37,319.5,1.1,1,1/28/2021,350,T,68,6.0NRT,303.8,6.9,D
16.904,103.984,313.7,1.2,1.1,1/28/2021,350,T,51,6.0NRT,299,6.6,D
17.392,100.361,320.9,1,1,1/28/2021,350,T,74,6.0NRT,300.3,10.1,D
16.815,103.991,318.2,1.2,1.1,1/28/2021,350,T,46,6.0NRT,301.6,9.1,D
16.813,104.002,319.1,1.2,1.1,1/28/2021,350,T,65,6.0NRT,302.2,9.3,D
16.81,103.996,324,1.2,1.1,1/28/2021,350,T,72,6.0NRT,302.4,17.5,D
17.357,100.151,325.8,1,1,1/28/2021,350,T,63,6.0NRT,301.9,15.7,D
17.505,98.856,314.4,1.2,1.1,1/28/2021,350,T,58,6.0NRT,296.7,9.5,D
17.086,101.831,318.8,1,1,1/28/2021,350,T,68,6.0NRT,300.7,8.8,D
17.496,98.854,312.3,1.2,1.1,1/28/2021,350,T,28,6.0NRT,297.8,7.3,D
17.466,98.929,309,1.2,1.1,1/28/2021,350,T,18,6.0NRT,293.2,4.3,D
16.651,104.04,315.4,1.2,1.1,1/28/2021,350,T,55,6.0NRT,299.9,7.3,D
16.448,105.284,328.9,1.4,1.2,1/28/2021,350,T,83,6.0NRT,296.2,35.6,D
17.097,100.879,320.4,1,1,1/28/2021,350,T,71,6.0NRT,302.5,8.7,D
17.105,100.631,314.4,1,1,1/28/2021,350,T,58,6.0NRT,300.9,5.3,D
17.313,98.771,311.3,1.2,1.1,1/28/2021,350,T,29,6.0NRT,288.3,9.5,D
17.103,100.25,323.7,1,1,1/28/2021,350,T,63,6.0NRT,305.2,9.2,D
16.877,100.613,326.4,1,1,1/28/2021,350,T,79,6.0NRT,301,16.8,D
16.504,102.932,315.5,1.1,1,1/28/2021,350,T,55,6.0NRT,300.6,5.9,D
16.852,100.535,314.7,1,1,1/28/2021,350,T,60,6.0NRT,300.8,5.1,D
16.625,100.891,312.8,1,1,1/28/2021,350,T,52,6.0NRT,295.8,8.5,D
16.349,102.744,318.5,1.1,1,1/28/2021,350,T,68,6.0NRT,301.1,7.9,D
16.746,99.847,320.1,1.1,1,1/28/2021,350,T,70,6.0NRT,302.4,8.2,D
16.412,101.9,324,1,1,1/28/2021,350,T,76,6.0NRT,300.3,14.2,D
16.411,101.909,322.4,1,1,1/28/2021,350,T,74,6.0NRT,301.2,12.3,D
15.633,106.073,315.3,1.6,1.3,1/28/2021,350,T,66,6.0NRT,293.9,11.7,D
16.181,102.331,316.1,1,1,1/28/2021,350,T,50,6.0NRT,300.9,6.1,D
16.19,101.533,324.4,1,1,1/28/2021,350,T,76,6.0NRT,299.9,13.4,D
16.181,101.532,319.3,1,1,1/28/2021,350,T,52,6.0NRT,300.9,8,D
16.2,100.905,321.4,1,1,1/28/2021,350,T,68,6.0NRT,303.4,7.8,D
16.597,97.705,320.3,1.4,1.2,1/28/2021,350,T,72,6.0NRT,300.5,13.4,D
16.167,99.973,312.3,1,1,1/28/2021,350,T,33,6.0NRT,297,4.3,D
15.83,101.965,315.9,1,1,1/28/2021,350,T,50,6.0NRT,300.4,4.6,D
15.829,101.975,316.1,1,1,1/28/2021,350,T,51,6.0NRT,300.4,4.9,D
16.436,96.175,325.6,1.7,1.3,1/28/2021,350,T,79,6.0NRT,300.7,26.1,D
16.439,96.17,321.8,1.7,1.3,1/28/2021,350,T,75,6.0NRT,300.7,17.8,D
16.437,96.185,325.3,1.7,1.3,1/28/2021,350,T,79,6.0NRT,300.8,25.1,D
14.847,106.62,313.8,1.9,1.3,1/28/2021,350,T,26,6.0NRT,287.1,21.8,D
14.844,106.637,318.5,1.9,1.3,1/28/2021,350,T,56,6.0NRT,287.5,31.1,D
14.835,106.617,315.2,1.9,1.3,1/28/2021,350,T,54,6.0NRT,286.4,25.5,D
14.832,106.635,322.7,1.9,1.3,1/28/2021,350,T,78,6.0NRT,287.7,42.7,D
14.545,107.596,314,2.3,1.5,1/28/2021,350,T,69,6.0NRT,292.7,30.9,D
14.546,107.591,311.5,2.3,1.5,1/28/2021,350,T,65,6.0NRT,292.8,24.3,D
15.577,100.625,322.9,1,1,1/28/2021,350,T,70,6.0NRT,302.1,7.8,D
15.416,101.593,316.7,1,1,1/28/2021,350,T,50,6.0NRT,298.5,6.2,D
15.342,101.283,320.2,1,1,1/28/2021,350,T,64,6.0NRT,300,9.4,D
15.352,100.836,328.4,1,1,1/28/2021,350,T,78,6.0NRT,302.4,15.7,D
15.201,101.368,325.6,1,1,1/28/2021,350,T,74,6.0NRT,300.8,12.4,D
15.189,101.385,328.7,1,1,1/28/2021,350,T,78,6.0NRT,302.1,16.7,D
14.924,103.009,314.1,1.1,1,1/28/2021,350,T,36,6.0NRT,296.7,5,D
14.379,105.775,311.9,1.7,1.3,1/28/2021,350,T,40,6.0NRT,286.7,10.2,D
15.131,100.837,321.2,1,1,1/28/2021,350,T,67,6.0NRT,304.1,6.9,D
15.13,100.847,329.8,1,1,1/28/2021,350,T,80,6.0NRT,304.4,16.5,D
14.766,103.061,319.6,1.1,1.1,1/28/2021,350,T,66,6.0NRT,293.8,10.7,D
14.764,103.071,316.6,1.1,1.1,1/28/2021,350,T,58,6.0NRT,294,7.8,D
15.047,100.969,323,1,1,1/28/2021,350,T,62,6.0NRT,302.9,10.7,D
14.375,104.737,313.8,1.4,1.2,1/28/2021,350,T,59,6.0NRT,295.7,9.6,D
14.897,100.93,320.9,1,1,1/28/2021,350,T,66,6.0NRT,303,6.5,D
14.794,101.246,328.4,1,1,1/28/2021,350,T,78,6.0NRT,300.8,18.3,D
14.532,102.973,314.6,1.1,1.1,1/28/2021,350,T,31,6.0NRT,294.5,6.2,D
15.039,99.49,334.1,1.1,1,1/28/2021,350,T,85,6.0NRT,299.1,28.3,D
15.038,99.499,328.6,1.1,1,1/28/2021,350,T,81,6.0NRT,299.4,20.2,D
14.172,104.717,320.1,1.4,1.2,1/28/2021,350,T,50,6.0NRT,299.3,10.2,D
13.806,106.772,312.6,2,1.4,1/28/2021,350,T,36,6.0NRT,286.5,18.6,D
14.16,104.533,323.8,1.4,1.2,1/28/2021,350,T,77,6.0NRT,300.5,17.2,D
13.874,105.482,311.7,1.6,1.2,1/28/2021,350,T,42,6.0NRT,281.8,13.1,D
13.507,107.511,321.5,2.3,1.5,1/28/2021,350,T,77,6.0NRT,292.7,51.1,D
14.014,104.357,316.7,1.3,1.1,1/28/2021,350,T,65,6.0NRT,295.7,7.7,D
13.98,104.567,320.4,1.4,1.2,1/28/2021,350,T,72,6.0NRT,293.6,18.5,D
14.053,104.056,319,1.3,1.1,1/28/2021,350,T,57,6.0NRT,287.9,15.2,D
13.803,105.5,322.2,1.6,1.3,1/28/2021,350,T,73,6.0NRT,296.4,20.7,D
13.395,107.756,319.1,2.4,1.5,1/28/2021,350,T,74,6.0NRT,295,33.5,D
14.006,104.225,316.1,1.3,1.1,1/28/2021,350,T,57,6.0NRT,295.9,9.2,D
13.826,105.349,324.6,1.6,1.2,1/28/2021,350,T,65,6.0NRT,294.9,30.3,D
13.803,105.494,320.2,1.6,1.3,1/28/2021,350,T,48,6.0NRT,296.8,15.1,D
14.454,101.179,312.8,1,1,1/28/2021,350,T,54,6.0NRT,297.9,6.1,D
14.453,101.188,324.7,1,1,1/28/2021,350,T,77,6.0NRT,297.5,17.8,D
14.568,100.342,320.3,1,1,1/28/2021,350,T,70,6.0NRT,300.4,8.3,D
13.515,106.931,322.7,2.1,1.4,1/28/2021,350,T,67,6.0NRT,296,33.8,D
13.512,106.872,327.7,2.1,1.4,1/28/2021,350,T,77,6.0NRT,295.3,52.7,D
13.509,106.891,319.6,2.1,1.4,1/28/2021,350,T,55,6.0NRT,294.4,25.7,D
14.032,103.673,317.7,1.2,1.1,1/28/2021,350,T,66,6.0NRT,291.6,9,D
13.828,104.8,321.1,1.4,1.2,1/28/2021,350,T,69,6.0NRT,300,12.2,D
13.714,105.478,316.4,1.6,1.3,1/28/2021,350,T,54,6.0NRT,294,18.3,D
13.428,107.054,319.3,2.1,1.4,1/28/2021,350,T,66,6.0NRT,295.5,25.6,D
13.411,107.152,316.7,2.2,1.4,1/28/2021,350,T,68,6.0NRT,295.3,19.5,D
13.712,105.486,319.5,1.6,1.3,1/28/2021,350,T,55,6.0NRT,294,23.5,D
13.838,104.636,320.3,1.4,1.2,1/28/2021,350,T,60,6.0NRT,297.2,13.2,D
13.829,104.621,318.6,1.4,1.2,1/28/2021,350,T,49,6.0NRT,295.2,10.6,D
13.827,104.634,327,1.4,1.2,1/28/2021,350,T,79,6.0NRT,297.2,24.8,D
13.425,107.067,318.2,2.2,1.4,1/28/2021,350,T,71,6.0NRT,296,24.4,D
13.385,107.223,321.4,2.2,1.4,1/28/2021,350,T,71,6.0NRT,295.1,35.1,D
14.021,103.285,324.8,1.2,1.1,1/28/2021,350,T,77,6.0NRT,296.2,15.7,D
13.348,107.363,315.4,2.3,1.5,1/28/2021,350,T,48,6.0NRT,294,17.2,D
13.326,107.488,320.2,2.3,1.5,1/28/2021,350,T,74,6.0NRT,292.2,38.9,D
13.946,103.698,316.6,1.2,1.1,1/28/2021,350,T,63,6.0NRT,289.9,10.9,D
13.862,104.158,322.9,1.3,1.1,1/28/2021,350,T,74,6.0NRT,298.1,13.5,D
13.846,104.192,322,1.3,1.1,1/28/2021,350,T,72,6.0NRT,299.8,11.6,D
13.956,103.451,321.6,1.2,1.1,1/28/2021,350,T,70,6.0NRT,292.5,12.3,D
13.946,103.449,319.8,1.2,1.1,1/28/2021,350,T,62,6.0NRT,291.5,9.7,D
13.428,106.532,316,2,1.4,1/28/2021,350,T,33,6.0NRT,290.4,21.2,D
13.425,106.55,321.9,2,1.4,1/28/2021,350,T,75,6.0NRT,290.4,35.3,D
13.77,104.553,315,1.4,1.2,1/28/2021,350,T,55,6.0NRT,290.3,9.1,D
13.421,106.543,348.2,2,1.4,1/28/2021,350,T,94,6.0NRT,291.8,140.4,D
13.971,103.077,319.5,1.1,1.1,1/28/2021,350,T,69,6.0NRT,299.8,7,D
13.736,104.56,314,1.4,1.2,1/28/2021,350,T,52,6.0NRT,291.1,6.8,D
13.646,105.117,320.2,1.5,1.2,1/28/2021,350,T,70,6.0NRT,292.6,16.4,D
13.628,105.157,319.3,1.5,1.2,1/28/2021,350,T,59,6.0NRT,293.1,11.9,D
13.315,107.022,312,2.1,1.4,1/28/2021,350,T,33,6.0NRT,289.5,14.9,D
13.311,107.041,314.6,2.2,1.4,1/28/2021,350,T,50,6.0NRT,293.2,20.9,D
13.883,103.512,317.1,1.2,1.1,1/28/2021,350,T,41,6.0NRT,292.5,8.3,D
13.329,106.713,313.9,2,1.4,1/28/2021,350,T,37,6.0NRT,292.1,18,D
13.891,103.215,317.5,1.2,1.1,1/28/2021,350,T,53,6.0NRT,294.9,6.2,D
13.887,103.219,319.9,1.2,1.1,1/28/2021,350,T,69,6.0NRT,294.4,9.8,D
13.692,104.392,324.2,1.4,1.2,1/28/2021,350,T,76,6.0NRT,297.8,17,D
13.253,106.693,316.5,2,1.4,1/28/2021,350,T,26,6.0NRT,295,19.2,D
13.127,107.418,321.2,2.3,1.5,1/28/2021,350,T,54,6.0NRT,293.2,34.6,D
13.238,106.633,320.7,2,1.4,1/28/2021,350,T,69,6.0NRT,293.7,32.5,D
13.137,107.208,313.5,2.2,1.4,1/28/2021,350,T,61,6.0NRT,294.1,17.3,D
13.134,107.228,316.9,2.2,1.5,1/28/2021,350,T,69,6.0NRT,294,25.7,D
14.116,101.164,322.2,1,1,1/28/2021,350,T,34,6.0NRT,301.8,7.9,D
14.114,101.173,337.1,1,1,1/28/2021,350,T,87,6.0NRT,302.6,26.7,D
14.099,101.274,322.3,1,1,1/28/2021,350,T,70,6.0NRT,303.2,6,D
14.089,101.276,334.6,1,1,1/28/2021,350,T,82,6.0NRT,304.1,22.7,D
13.638,104.151,330.8,1.3,1.1,1/28/2021,350,T,83,6.0NRT,293.5,35.6,D
13.636,104.163,329,1.3,1.1,1/28/2021,350,T,81,6.0NRT,294,30.9,D
13.136,107.222,319.8,2.2,1.5,1/28/2021,350,T,73,6.0NRT,294.4,33.5,D
13.104,107.408,324.7,2.3,1.5,1/28/2021,350,T,77,6.0NRT,292.7,48.2,D
13.812,102.913,320.5,1.1,1.1,1/28/2021,350,T,65,6.0NRT,299.9,9.4,D
13.144,107.019,320.3,2.2,1.4,1/28/2021,350,T,73,6.0NRT,296.1,24.8,D
13.266,106.08,326.9,1.8,1.3,1/28/2021,350,T,80,6.0NRT,292.7,40.6,D
13.042,107.375,319.1,2.3,1.5,1/28/2021,350,T,71,6.0NRT,292.2,38.5,D
14.217,99.961,333.6,1,1,1/28/2021,350,T,85,6.0NRT,297,27.5,D
14.216,99.971,318.3,1,1,1/28/2021,350,T,68,6.0NRT,296.4,9.6,D
13.242,106.009,325.6,1.8,1.3,1/28/2021,350,T,79,6.0NRT,296.3,32.1,D
13.203,106.341,320.5,1.9,1.4,1/28/2021,350,T,40,6.0NRT,294.8,22.9,D
13.247,106.003,318.7,1.8,1.3,1/28/2021,350,T,58,6.0NRT,296.4,16.2,D
13.244,106.02,326.2,1.8,1.3,1/28/2021,350,T,75,6.0NRT,296.9,34.7,D
12.98,107.599,309.8,2.4,1.5,1/28/2021,350,T,46,6.0NRT,290.6,17.9,D
13.432,104.662,320.1,1.4,1.2,1/28/2021,350,T,69,6.0NRT,295.7,16.5,D
13.708,102.806,321.1,1.1,1.1,1/28/2021,350,T,59,6.0NRT,300.7,9.1,D
13.125,106.292,317.3,1.9,1.3,1/28/2021,350,T,48,6.0NRT,295.6,14.9,D
13.028,106.852,316.1,2.1,1.4,1/28/2021,350,T,67,6.0NRT,293.4,22,D
13.012,106.948,316.6,2.1,1.4,1/28/2021,350,T,61,6.0NRT,295.4,18.8,D
13.028,106.846,315.3,2.1,1.4,1/28/2021,350,T,47,6.0NRT,293.3,18.4,D
13.356,104.697,325.1,1.4,1.2,1/28/2021,350,T,78,6.0NRT,295.9,23.8,D
13.098,106.125,320.9,1.9,1.3,1/28/2021,350,T,66,6.0NRT,297.8,18.9,D
12.927,106.829,316.6,2.1,1.4,1/28/2021,350,T,68,6.0NRT,293.7,21.7,D
12.927,106.822,314.5,2.1,1.4,1/28/2021,350,T,57,6.0NRT,294.2,16.5,D
13.633,102.223,318.3,1.1,1,1/28/2021,350,T,66,6.0NRT,301.3,8,D
12.989,106.151,320.4,1.9,1.3,1/28/2021,350,T,41,6.0NRT,298.9,19.7,D
13.653,101.846,317.6,1,1,1/28/2021,350,T,62,6.0NRT,299.5,6.5,D
13.532,102.631,335.9,1.1,1,1/28/2021,350,T,86,6.0NRT,300.7,30.5,D
12.985,105.962,336.4,1.8,1.3,1/28/2021,350,T,66,6.0NRT,297.2,71,D
12.859,106.694,316.4,2.1,1.4,1/28/2021,350,T,68,6.0NRT,295.3,21.2,D
12.829,106.863,318.7,2.1,1.4,1/28/2021,350,T,59,6.0NRT,292.7,32.7,D
12.888,106.455,320,2,1.4,1/28/2021,350,T,69,6.0NRT,299.1,18.9,D
12.885,106.473,328.5,2,1.4,1/28/2021,350,T,82,6.0NRT,298.3,45.7,D
12.817,106.861,338.4,2.1,1.4,1/28/2021,350,T,89,6.0NRT,292.8,105.7,D
12.99,105.957,326.8,1.8,1.3,1/28/2021,350,T,61,6.0NRT,297.7,40.5,D
12.978,105.955,314.6,1.8,1.3,1/28/2021,350,T,51,6.0NRT,296.1,14.3,D
12.829,106.857,313.1,2.1,1.4,1/28/2021,350,T,39,6.0NRT,292.3,19.7,D
12.826,106.877,320.1,2.1,1.4,1/28/2021,350,T,74,6.0NRT,292.3,38.9,D
12.881,106.466,331.5,2,1.4,1/28/2021,350,T,84,6.0NRT,299.3,54.9,D
12.816,106.855,328.1,2.1,1.4,1/28/2021,350,T,82,6.0NRT,292.4,64.8,D
12.813,106.875,322.5,2.1,1.4,1/28/2021,350,T,77,6.0NRT,291.9,46.6,D
13.495,102.578,320.7,1.1,1,1/28/2021,350,T,71,6.0NRT,297.2,8.8,D
13.07,104.419,323.6,1.4,1.2,1/28/2021,350,T,76,6.0NRT,297.1,19.7,D
12.612,106.594,317.2,2.1,1.4,1/28/2021,350,T,70,6.0NRT,297.1,14,D
12.722,105.882,316.2,1.8,1.3,1/28/2021,350,T,26,6.0NRT,294.8,14.4,D
12.727,105.876,317.8,1.8,1.3,1/28/2021,350,T,21,6.0NRT,294.8,15.4,D
12.561,106.579,320.1,2.1,1.4,1/28/2021,350,T,74,6.0NRT,296.3,23.8,D
13.069,103.413,322.2,1.2,1.1,1/28/2021,350,T,72,6.0NRT,296.5,17,D
12.633,105.793,324.1,1.8,1.3,1/28/2021,350,T,79,6.0NRT,298.7,24.5,D
12.637,105.788,318.9,1.8,1.3,1/28/2021,350,T,72,6.0NRT,298.7,13.6,D
12.634,105.804,321.1,1.8,1.3,1/28/2021,350,T,76,6.0NRT,298.4,18.2,D
12.371,106.773,328.1,2.1,1.4,1/28/2021,350,T,82,6.0NRT,296.1,55.3,D
12.367,106.792,321,2.1,1.4,1/28/2021,350,T,61,6.0NRT,294.2,34.7,D
13.022,102.719,325.8,1.1,1.1,1/28/2021,350,T,78,6.0NRT,296.9,17.6,D
13.02,102.73,318.7,1.1,1.1,1/28/2021,350,T,68,6.0NRT,296,9.5,D
12.371,106.766,319.2,2.1,1.4,1/28/2021,350,T,74,6.0NRT,296.6,27.3,D
12.367,106.786,327.3,2.1,1.4,1/28/2021,350,T,82,6.0NRT,295,56.3,D
12.399,106.37,323.9,2,1.4,1/28/2021,350,T,75,6.0NRT,295.4,29.7,D
12.261,106.566,320.8,2.1,1.4,1/28/2021,350,T,75,6.0NRT,297.3,20.7,D
12.666,104.066,318.5,1.3,1.1,1/28/2021,350,T,68,6.0NRT,293.1,17,D
12.902,102.528,317.4,1.1,1,1/28/2021,350,T,65,6.0NRT,294.7,9.3,D
12.172,106.621,320.7,2.1,1.4,1/28/2021,350,T,75,6.0NRT,295.3,26.6,D
12.16,106.619,318.9,2.1,1.4,1/28/2021,350,T,61,6.0NRT,296.6,21.4,D
12.099,106.506,317.8,2.1,1.4,1/28/2021,350,T,70,6.0NRT,297.4,17.3,D
12.096,106.525,320,2.1,1.4,1/28/2021,350,T,73,6.0NRT,297.2,23.1,D
12.435,103.267,313.1,1.2,1.1,1/28/2021,350,T,58,6.0NRT,289.1,7.3,D
12.504,102.486,307.2,1.1,1.1,1/28/2021,355,T,16,6.0NRT,285.1,3.7,D
12.233,104.089,324.9,1.4,1.2,1/28/2021,355,T,79,6.0NRT,296.5,22.3,D
11.98,105.502,319.8,1.7,1.3,1/28/2021,355,T,0,6.0NRT,294.9,23.1,D
12.267,103.616,310.7,1.3,1.1,1/28/2021,355,T,42,6.0NRT,289.6,8.6,D
12.312,102.6,316,1.1,1.1,1/28/2021,355,T,72,6.0NRT,295.6,8.9,D
9.007,99.561,323.6,1,1,1/28/2021,355,T,78,6.0NRT,297.3,15.6,D
9.006,99.57,320.1,1,1,1/28/2021,355,T,74,6.0NRT,296.9,12,D
8.811,98.37,315,1,1,1/28/2021,355,T,66,6.0NRT,299.3,6.3,D
8.363,99.05,312.1,1,1,1/28/2021,355,T,58,6.0NRT,296.3,4.9,D
8.307,98.804,313.6,1,1,1/28/2021,355,T,63,6.0NRT,297.6,6,D
5.488,100.602,315.6,1.1,1,1/28/2021,355,T,64,6.0NRT,297.2,8.4,D
5.225,100.447,314.7,1.1,1,1/28/2021,355,T,31,6.0NRT,296.7,5.7,D
4.467,101.006,317.6,1.1,1.1,1/28/2021,355,T,61,6.0NRT,295.5,10.6,D
3.41,101.558,316.1,1.3,1.1,1/28/2021,355,T,50,6.0NRT,292.8,10.5,D
-3.903,122.419,315.3,1.3,1.1,1/28/2021,515,A,58,6.0NRT,290,10.6,D
-1.572,120.633,309,1.6,1.2,1/28/2021,515,A,64,6.0NRT,287.2,10.2,D
-1.574,120.619,309.2,1.6,1.2,1/28/2021,515,A,68,6.0NRT,289.5,11.3,D
-0.824,123.245,311.6,1.1,1,1/28/2021,515,A,50,6.0NRT,295.1,7.1,D
5.869,125.475,310.4,1.1,1.1,1/28/2021,515,A,32,6.0NRT,293.3,5.9,D
7.133,124.166,319,1,1,1/28/2021,515,A,72,6.0NRT,297.6,10.1,D
18.298,120.842,316,1,1,1/28/2021,520,A,70,6.0NRT,299.6,9,D
22.942,115.877,311.5,1.3,1.1,1/28/2021,520,A,65,6.0NRT,297.8,8.7,D
23.036,116.19,307.2,1.3,1.1,1/28/2021,520,A,50,6.0NRT,296.3,5,D
23.004,115.628,312.5,1.4,1.2,1/28/2021,520,A,0,6.0NRT,295.2,12.6,D
23.002,115.615,316.7,1.4,1.2,1/28/2021,520,A,0,6.0NRT,294.9,18.3,D
23.106,114.535,306.5,1.6,1.3,1/28/2021,520,A,39,6.0NRT,293.3,7.2,D
23.106,114.528,311.3,1.6,1.3,1/28/2021,520,A,68,6.0NRT,293.6,14.5,D
23.177,113.709,302.8,1.9,1.3,1/28/2021,520,A,31,6.0NRT,287.7,5.1,D
23.174,113.691,303.7,1.9,1.3,1/28/2021,520,A,17,6.0NRT,289.1,5.2,D
23.887,117.021,311.3,1.1,1.1,1/28/2021,520,A,62,6.0NRT,295.2,8.9,D
23.894,117.025,311.8,1.1,1.1,1/28/2021,520,A,72,6.0NRT,295.5,10.2,D
23.89,115.647,328.2,1.3,1.1,1/28/2021,520,A,85,6.0NRT,292.2,39.5,D
24.101,116.802,311.1,1.2,1.1,1/28/2021,520,A,71,6.0NRT,293.8,10.9,D
24.099,116.791,303.5,1.2,1.1,1/28/2021,520,A,40,6.0NRT,293.4,5.1,D
23.739,114.254,312.2,1.7,1.3,1/28/2021,520,A,72,6.0NRT,293.6,17.9,D
23.926,114.717,312.2,1.5,1.2,1/28/2021,520,A,46,6.0NRT,289.4,16.4,D
23.923,114.701,353.5,1.5,1.2,1/28/2021,520,A,97,6.0NRT,292.5,126.7,D
23.934,114.698,315,1.5,1.2,1/28/2021,520,A,66,6.0NRT,293.6,21.1,D
24.023,114.871,340.6,1.5,1.2,1/28/2021,520,A,92,6.0NRT,293,78.4,D
24.666,118.553,314.3,1,1,1/28/2021,520,A,72,6.0NRT,294.2,9,D
24.225,115.679,311.8,1.3,1.1,1/28/2021,520,A,42,6.0NRT,294.5,9.7,D
24.223,115.667,321.5,1.3,1.1,1/28/2021,520,A,81,6.0NRT,294.2,22.6,D
24.223,115.673,324.3,1.3,1.1,1/28/2021,520,A,76,6.0NRT,295,26.1,D
24.244,115.669,312.4,1.3,1.1,1/28/2021,520,A,48,6.0NRT,293.8,11.3,D
24.709,118.529,311,1,1,1/28/2021,520,A,67,6.0NRT,295.8,5.4,D
24.73,118.485,311.3,1,1,1/28/2021,520,A,51,6.0NRT,294.8,6.4,D
24.728,118.475,311.2,1,1,1/28/2021,520,A,62,6.0NRT,292.2,6.3,D
24.511,115.849,301.2,1.3,1.1,1/28/2021,520,A,35,6.0NRT,286.9,3.7,D
26.009,117.789,320.2,1,1,1/28/2021,520,A,80,6.0NRT,288.3,18.8,D
26.22,118.583,310.4,1,1,1/28/2021,520,A,30,6.0NRT,284,10.3,D
26.305,118.48,323.1,1,1,1/28/2021,520,A,82,6.0NRT,289.5,21.5,D
25.981,112.412,314.2,2,1.4,1/28/2021,520,A,74,6.0NRT,287.6,36.3,D
27.284,118.294,307.7,1,1,1/28/2021,520,A,66,6.0NRT,288.9,9.1,D
27.282,118.284,304.7,1,1,1/28/2021,520,A,55,6.0NRT,288.3,7,D
26.796,112.958,307.1,1.8,1.3,1/28/2021,520,A,65,6.0NRT,283.1,16,D
27.837,118.045,323.5,1,1,1/28/2021,520,A,82,6.0NRT,287.7,22.5,D
28.325,116.93,311.1,1,1,1/28/2021,520,A,71,6.0NRT,287.3,10.5,D
28.323,116.919,303.6,1,1,1/28/2021,520,A,51,6.0NRT,283.8,5.2,D
28.516,116.607,301.2,1.1,1,1/28/2021,520,A,43,6.0NRT,287.8,4.3,D
28.514,116.596,301.3,1.1,1,1/28/2021,520,A,46,6.0NRT,287.8,4.5,D
28.581,116.676,307.8,1.1,1,1/28/2021,520,A,57,6.0NRT,288.1,9,D
28.682,116.55,316,1.1,1,1/28/2021,520,A,66,6.0NRT,288.5,15.3,D
28.787,116.101,300.6,1.1,1,1/28/2021,520,A,21,6.0NRT,287.2,3.5,D
28.863,115.427,304.4,1.2,1.1,1/28/2021,520,A,59,6.0NRT,288.5,8.1,D
29.09,116.672,300.2,1,1,1/28/2021,520,A,33,6.0NRT,287.2,4,D
29.296,116.645,309.4,1,1,1/28/2021,520,A,0,6.0NRT,286.2,9.8,D
29.34,116.028,301.8,1.1,1,1/28/2021,520,A,0,6.0NRT,288.8,4.4,D
26.659,90.986,301.4,4.7,2,1/28/2021,525,T,47,6.0NRT,291.2,27.5,D
30.168,116.305,310.7,1,1,1/28/2021,525,A,64,6.0NRT,286.6,10.6,D
30.067,114.929,300.8,1.2,1.1,1/28/2021,525,A,41,6.0NRT,287.1,5.9,D
30.448,117.235,300.9,1,1,1/28/2021,525,A,37,6.0NRT,286,5.2,D
5.426,100.598,315.6,1.1,1,1/28/2021,655,A,22,6.0NRT,298.8,7.2,D
11.08,104.623,311.8,2.4,1.5,1/28/2021,655,A,59,6.0NRT,278,24.4,D
11.073,104.618,311.8,2.4,1.5,1/28/2021,655,A,44,6.0NRT,277.5,26,D
10.477,98.742,322.4,1,1,1/28/2021,655,A,76,6.0NRT,296,15,D
11.604,104.04,324.6,2.2,1.4,1/28/2021,655,A,59,6.0NRT,285.4,56.1,D
11.938,106.451,318.8,3.5,1.8,1/28/2021,655,A,67,6.0NRT,295.3,42.4,D
12.018,106.63,323.2,3.6,1.8,1/28/2021,655,A,73,6.0NRT,301.7,60.5,D
12.009,103.222,325.1,2,1.4,1/28/2021,655,A,75,6.0NRT,288.6,45.6,D
12.012,103.216,322.4,2,1.4,1/28/2021,655,A,75,6.0NRT,289.3,39.6,D
12.558,106.464,319.1,3.6,1.8,1/28/2021,655,A,70,6.0NRT,295.8,43,D
12.554,106.432,317.9,3.6,1.8,1/28/2021,655,A,68,6.0NRT,295,34.2,D
12.529,106.21,317.4,3.4,1.7,1/28/2021,655,A,68,6.0NRT,293.2,40.2,D
12.55,106.46,320.1,3.6,1.8,1/28/2021,655,A,72,6.0NRT,295.9,49.2,D
12.288,103.884,316.7,2.2,1.4,1/28/2021,655,A,60,6.0NRT,291.3,24.1,D
12.354,103.155,338.9,2,1.4,1/28/2021,655,A,0,6.0NRT,287.5,99.3,D
12.359,103.167,323,2,1.4,1/28/2021,655,A,65,6.0NRT,283.4,45.3,D
12.357,103.149,331,2,1.4,1/28/2021,655,A,0,6.0NRT,286.5,69.5,D
12.807,106.862,316,3.9,1.8,1/28/2021,655,A,63,6.0NRT,291.7,68.2,D
12.697,105.719,316.6,3.1,1.7,1/28/2021,655,A,65,6.0NRT,291.9,33.6,D
12.689,105.521,331.9,3,1.7,1/28/2021,655,A,84,6.0NRT,295.2,111.3,D
12.704,105.519,328.1,3,1.7,1/28/2021,655,A,81,6.0NRT,295,86.9,D
12.719,105.517,329.8,3,1.7,1/28/2021,655,A,82,6.0NRT,295,98.7,D
12.734,105.515,315.6,3,1.7,1/28/2021,655,A,18,6.0NRT,294.8,26.2,D
12.705,105.511,326.4,3,1.7,1/28/2021,655,A,79,6.0NRT,294.7,75.9,D
12.723,105.537,319.6,3,1.7,1/28/2021,655,A,70,6.0NRT,295,41.3,D
12.72,105.509,326.6,3,1.7,1/28/2021,655,A,79,6.0NRT,294.8,79.9,D
12.805,106.153,320,3.4,1.7,1/28/2021,655,A,71,6.0NRT,295,50.1,D
12.474,103.256,313.2,2,1.4,1/28/2021,655,A,37,6.0NRT,288.6,15.4,D
12.969,107.206,324.2,4.1,1.9,1/28/2021,655,A,76,6.0NRT,292.5,121,D
13.02,107.356,312.1,4.3,1.9,1/28/2021,655,A,28,6.0NRT,288.5,46.8,D
12.885,106.019,313.6,3.3,1.7,1/28/2021,655,A,0,6.0NRT,290.7,28.4,D
12.972,107.201,324.7,4.1,1.9,1/28/2021,655,A,75,6.0NRT,292.5,116.8,D
13.022,107.351,311.9,4.3,1.9,1/28/2021,655,A,19,6.0NRT,288.7,44.5,D
13.021,106.862,320.6,3.9,1.8,1/28/2021,655,A,71,6.0NRT,289.3,82.9,D
12.562,102.933,315.3,1.9,1.3,1/28/2021,655,A,50,6.0NRT,287.6,17.2,D
12.576,102.844,317.6,1.9,1.3,1/28/2021,655,A,66,6.0NRT,287.7,21.6,D
13.107,107.187,313.7,4.1,1.9,1/28/2021,655,A,26,6.0NRT,287.6,43.8,D
13.054,107.109,314.6,4.1,1.9,1/28/2021,655,A,45,6.0NRT,288.7,42.2,D
13.175,107.446,342.7,4.3,1.9,1/28/2021,655,A,91,6.0NRT,294.1,330.9,D
13.171,107.406,318.4,4.3,1.9,1/28/2021,655,A,22,6.0NRT,290.4,62.1,D
13.138,107.1,312.8,4.1,1.9,1/28/2021,655,A,14,6.0NRT,287.3,37.7,D
13.118,106.916,317,3.9,1.8,1/28/2021,655,A,56,6.0NRT,293,53.1,D
13.114,106.88,315.2,3.9,1.8,1/28/2021,655,A,36,6.0NRT,291.1,45.7,D
13.188,107.404,319,4.3,1.9,1/28/2021,655,A,37,6.0NRT,291.7,72.8,D
13.164,106.875,316.9,3.9,1.8,1/28/2021,655,A,59,6.0NRT,291.8,62,D
13.176,107.441,335.3,4.3,1.9,1/28/2021,655,A,86,6.0NRT,294,227.1,D
13.123,106.911,316.8,3.9,1.8,1/28/2021,655,A,25,6.0NRT,292.9,47,D
13.189,107.399,320.6,4.3,1.9,1/28/2021,655,A,47,6.0NRT,291.7,86.8,D
13.168,106.869,316.3,3.9,1.8,1/28/2021,655,A,61,6.0NRT,291.6,59.9,D
13.105,106.133,314,3.4,1.7,1/28/2021,655,A,36,6.0NRT,289,32.1,D
13.28,106.967,316.4,4,1.9,1/28/2021,655,A,56,6.0NRT,291.8,54.1,D
13.248,106.682,319.3,3.8,1.8,1/28/2021,655,A,45,6.0NRT,291.3,60.7,D
13.263,107.227,311.9,4.2,1.9,1/28/2021,655,A,36,6.0NRT,288,37.2,D
13.256,106.674,321.6,3.8,1.8,1/28/2021,655,A,57,6.0NRT,290.2,78.6,D
13.28,106.742,318.5,3.8,1.8,1/28/2021,655,A,32,6.0NRT,290.1,56.3,D
13.408,107.448,314.9,4.4,1.9,1/28/2021,655,A,47,6.0NRT,293.5,57.1,D
13.382,107.214,320.5,4.2,1.9,1/28/2021,655,A,72,6.0NRT,291.8,83.8,D
13.247,106.015,317.3,3.4,1.7,1/28/2021,655,A,0,6.0NRT,288.3,34.4,D
13.285,106.737,324.7,3.8,1.8,1/28/2021,655,A,62,6.0NRT,290.4,100.8,D
13.409,107.443,314.2,4.4,1.9,1/28/2021,655,A,13,6.0NRT,293.5,50.4,D
13.426,107.281,317.3,4.3,1.9,1/28/2021,655,A,55,6.0NRT,290.2,56.6,D
13.419,107.051,311.8,4.1,1.9,1/28/2021,655,A,28,6.0NRT,284.7,33.7,D
13.431,107.273,315,4.3,1.9,1/28/2021,655,A,48,6.0NRT,290.1,41.1,D
13.425,107.043,311.9,4.1,1.9,1/28/2021,655,A,40,6.0NRT,285.6,33.9,D
13.453,107.154,316.1,4.2,1.9,1/28/2021,655,A,65,6.0NRT,288.3,56.2,D
13.339,104.733,318,2.7,1.6,1/28/2021,655,A,55,6.0NRT,292.5,28.3,D
13.076,102.556,321.9,1.8,1.3,1/28/2021,655,A,73,6.0NRT,297.8,17.3,D
13.459,105.38,315.4,3,1.7,1/28/2021,655,A,37,6.0NRT,291.3,30.4,D
13.344,104.725,318.5,2.7,1.6,1/28/2021,655,A,44,6.0NRT,292.6,26.7,D
13.46,105.372,315.5,3,1.7,1/28/2021,655,A,49,6.0NRT,291.6,30.8,D
13.46,104.832,319.6,2.8,1.6,1/28/2021,655,A,51,6.0NRT,291.5,37.3,D
13.586,105.437,314.5,3.1,1.7,1/28/2021,655,A,47,6.0NRT,291.7,27.4,D
13.612,104.484,316,2.6,1.5,1/28/2021,655,A,22,6.0NRT,286.7,17,D
13.609,104.461,320,2.6,1.5,1/28/2021,655,A,67,6.0NRT,289.3,30,D
13.6,104.457,321,2.6,1.5,1/28/2021,655,A,71,6.0NRT,290.4,35.4,D
13.823,104.618,321.6,2.7,1.6,1/28/2021,655,A,42,6.0NRT,295.6,29.5,D
13.83,104.637,320.8,2.7,1.6,1/28/2021,655,A,46,6.0NRT,296.2,30.7,D
13.827,104.612,319.6,2.7,1.6,1/28/2021,655,A,19,6.0NRT,295.1,26.3,D
13.813,104.491,324.4,2.6,1.6,1/28/2021,655,A,72,6.0NRT,294.5,46.1,D
13.67,102.675,320.8,1.9,1.3,1/28/2021,655,A,46,6.0NRT,296.1,17.6,D
13.923,104.398,315.8,2.6,1.5,1/28/2021,655,A,36,6.0NRT,289.7,14.3,D
13.956,104.27,318.8,2.5,1.5,1/28/2021,655,A,63,6.0NRT,293,22.1,D
13.62,101.337,323.6,1.5,1.2,1/28/2021,655,A,68,6.0NRT,287.5,25.4,D
13.965,104.107,315.7,2.5,1.5,1/28/2021,655,A,29,6.0NRT,286.9,19.7,D
14.076,104.696,316.5,2.7,1.6,1/28/2021,655,A,47,6.0NRT,289.6,23.9,D
14.081,104.62,317.3,2.7,1.6,1/28/2021,655,A,56,6.0NRT,289.4,28.6,D
14.078,104.595,318.4,2.7,1.6,1/28/2021,655,A,62,6.0NRT,289.3,32.5,D
14.086,104.611,319.6,2.7,1.6,1/28/2021,655,A,64,6.0NRT,289.5,37.3,D
14.151,104.679,322.3,2.7,1.6,1/28/2021,655,A,63,6.0NRT,292.8,40.1,D
14.149,104.118,318.4,2.5,1.5,1/28/2021,655,A,61,6.0NRT,294.3,19.4,D
14.222,104.515,320.5,2.7,1.6,1/28/2021,655,A,67,6.0NRT,292.2,29.2,D
14.13,103.615,317,2.3,1.5,1/28/2021,655,A,51,6.0NRT,291.5,15,D
14.279,104.762,329.8,2.8,1.6,1/28/2021,655,A,80,6.0NRT,294.4,75.9,D
14.294,104.76,321.4,2.8,1.6,1/28/2021,655,A,56,6.0NRT,294.3,37.6,D
14.291,104.735,320.4,2.8,1.6,1/28/2021,655,A,54,6.0NRT,293.2,33.7,D
14.286,104.78,322.2,2.8,1.6,1/28/2021,655,A,72,6.0NRT,294.8,40.6,D
14.283,104.754,328.3,2.8,1.6,1/28/2021,655,A,80,6.0NRT,294.5,72.3,D
14.168,103.603,325.1,2.3,1.5,1/28/2021,655,A,76,6.0NRT,291.4,42.4,D
14.131,103.281,322.9,2.1,1.4,1/28/2021,655,A,73,6.0NRT,299.6,23.3,D
14.346,104.798,319.2,2.8,1.6,1/28/2021,655,A,34,6.0NRT,293.9,32.2,D
14.082,101.272,326.1,1.5,1.2,1/28/2021,655,A,57,6.0NRT,293.7,26.7,D
14.079,101.161,320.9,1.5,1.2,1/28/2021,655,A,65,6.0NRT,293.8,15.4,D
14.113,101.17,318.7,1.5,1.2,1/28/2021,655,A,51,6.0NRT,296.9,10.2,D
14.115,101.164,318.3,1.5,1.2,1/28/2021,655,A,34,6.0NRT,296.8,8.5,D
14.189,99.816,325.4,1.2,1.1,1/28/2021,655,A,77,6.0NRT,302.4,14.4,D
14.187,99.805,344,1.2,1.1,1/28/2021,655,A,92,6.0NRT,301.5,50.9,D
14.448,101.182,315.7,1.5,1.2,1/28/2021,655,A,42,6.0NRT,296.2,14.2,D
14.252,99.377,316.4,1.2,1.1,1/28/2021,655,A,52,6.0NRT,298.7,7.9,D
14.222,99.047,316.2,1.1,1.1,1/28/2021,655,A,46,6.0NRT,296.9,6.7,D
15.272,100.852,324,1.5,1.2,1/28/2021,655,A,36,6.0NRT,302.9,15.2,D
15.278,100.858,325.8,1.5,1.2,1/28/2021,655,A,63,6.0NRT,305,16.2,D
15.342,101.29,324.6,1.6,1.2,1/28/2021,655,A,64,6.0NRT,304,17,D
15.341,101.276,330.6,1.6,1.2,1/28/2021,655,A,78,6.0NRT,305.9,30.8,D
15.353,101.289,323.1,1.6,1.2,1/28/2021,655,A,58,6.0NRT,304,13,D
15.352,101.275,326.1,1.6,1.2,1/28/2021,655,A,72,6.0NRT,304.5,19.1,D
15.352,100.834,326.5,1.5,1.2,1/28/2021,655,A,73,6.0NRT,304.9,17.5,D
15.35,100.82,323,1.5,1.2,1/28/2021,655,A,63,6.0NRT,303.1,11.2,D
15.355,100.828,326.3,1.5,1.2,1/28/2021,655,A,67,6.0NRT,304,16.2,D
15.439,101.155,326.3,1.5,1.2,1/28/2021,655,A,72,6.0NRT,304.1,19.6,D
15.437,101.141,324,1.5,1.2,1/28/2021,655,A,68,6.0NRT,303.6,16.7,D
15.406,100.89,326.2,1.5,1.2,1/28/2021,655,A,72,6.0NRT,305.8,15,D
15.453,101.182,324.7,1.6,1.2,1/28/2021,655,A,69,6.0NRT,304.5,15.9,D
15.49,100.734,325.5,1.4,1.2,1/28/2021,655,A,45,6.0NRT,300.8,17.8,D
15.727,100.444,326.4,1.4,1.2,1/28/2021,655,A,57,6.0NRT,306.5,11.3,D
16.45,105.267,315.2,3.3,1.7,1/28/2021,655,A,38,6.0NRT,290.4,45.8,D
16.081,101.547,335.3,1.7,1.3,1/28/2021,655,A,84,6.0NRT,301.1,52,D
16.079,101.531,326.3,1.7,1.3,1/28/2021,655,A,74,6.0NRT,299.8,26.9,D
16.082,101.556,322.4,1.7,1.3,1/28/2021,655,A,68,6.0NRT,301.2,17.3,D
16.08,101.54,334.1,1.7,1.3,1/28/2021,655,A,83,6.0NRT,301.1,48.2,D
15.726,98.537,318.8,1.1,1,1/28/2021,655,A,66,6.0NRT,300.3,9,D
15.724,98.527,332.2,1.1,1,1/28/2021,655,A,83,6.0NRT,301.7,26.7,D
15.89,99.334,326,1.2,1.1,1/28/2021,655,A,51,6.0NRT,298.1,18.8,D
16.183,101.526,323.2,1.7,1.3,1/28/2021,655,A,62,6.0NRT,298.8,20.6,D
16.18,101.521,320.2,1.7,1.3,1/28/2021,655,A,56,6.0NRT,299.3,15.6,D
16.195,100.904,323.7,1.5,1.2,1/28/2021,655,A,57,6.0NRT,303.2,14.4,D
16.198,100.897,323.2,1.5,1.2,1/28/2021,655,A,64,6.0NRT,303.1,13.5,D
16.026,99.279,316.1,1.2,1.1,1/28/2021,655,A,45,6.0NRT,299.1,9.2,D
16.368,99.962,319.2,1.3,1.1,1/28/2021,655,A,66,6.0NRT,301.6,8.7,D
16.701,102.031,321.6,1.9,1.3,1/28/2021,655,A,70,6.0NRT,300.9,20.7,D
16.41,99.643,321.1,1.3,1.1,1/28/2021,655,A,69,6.0NRT,302.7,8.2,D
16.408,99.631,325.8,1.3,1.1,1/28/2021,655,A,76,6.0NRT,302.1,16.6,D
16.709,102.04,318.7,1.9,1.3,1/28/2021,655,A,65,6.0NRT,300.1,14.7,D
16.707,102.023,318.6,1.9,1.3,1/28/2021,655,A,58,6.0NRT,301.3,15.7,D
16.213,97.716,327.1,1,1,1/28/2021,655,A,78,6.0NRT,305.3,12,D
17.098,104.394,315.6,2.9,1.6,1/28/2021,655,A,58,6.0NRT,296.5,27,D
16.275,97.506,322,1,1,1/28/2021,655,A,48,6.0NRT,304.8,6.7,D
16.469,98.673,352.7,1.1,1.1,1/28/2021,655,A,96,6.0NRT,306.6,66.5,D
16.046,95.642,320.7,1,1,1/28/2021,655,A,60,6.0NRT,302.1,6.5,D
16.045,95.632,321.9,1,1,1/28/2021,655,A,70,6.0NRT,301.1,8.1,D
16.427,97.744,321.6,1,1,1/28/2021,655,A,50,6.0NRT,304.9,6.8,D
16.557,98.581,321.9,1.1,1.1,1/28/2021,655,A,56,6.0NRT,303.9,8.3,D
16.229,95.951,321.2,1,1,1/28/2021,655,A,0,6.0NRT,302.7,6.8,D
16.203,95.774,314.9,1,1,1/28/2021,655,A,62,6.0NRT,301.5,5.3,D
16.528,97.742,327.9,1,1,1/28/2021,700,A,72,6.0NRT,305.6,13.3,D
16.597,97.702,323.2,1,1,1/28/2021,700,A,69,6.0NRT,306.1,8.4,D
16.62,97.812,322.8,1.1,1,1/28/2021,700,A,41,6.0NRT,305,7.4,D
16.421,96.259,325.8,1,1,1/28/2021,700,A,74,6.0NRT,306.9,6.6,D
16.418,96.175,336,1,1,1/28/2021,700,A,86,6.0NRT,305.8,21.8,D
16.427,96.173,323.1,1,1,1/28/2021,700,A,72,6.0NRT,305.9,6.4,D
16.426,96.164,325.3,1,1,1/28/2021,700,A,75,6.0NRT,305.4,8.7,D
17.001,100.291,322.6,1.4,1.2,1/28/2021,700,A,63,6.0NRT,304,13.4,D
16.824,98.439,326.8,1.1,1.1,1/28/2021,700,A,75,6.0NRT,303.1,15.6,D
16.823,98.428,333.9,1.1,1.1,1/28/2021,700,A,83,6.0NRT,305.5,25.7,D
16.832,98.427,322.6,1.1,1.1,1/28/2021,700,A,65,6.0NRT,302.9,10.3,D
16.325,94.793,318.8,1.1,1,1/28/2021,700,A,54,6.0NRT,301.3,8.2,D
17.108,100.243,325,1.4,1.2,1/28/2021,700,A,69,6.0NRT,304.4,16.8,D
16.822,98.067,323.4,1.1,1,1/28/2021,700,A,69,6.0NRT,304.1,9.8,D
16.812,97.927,320.8,1.1,1,1/28/2021,700,A,35,6.0NRT,303.5,6.5,D
16.99,98.445,319.7,1.1,1.1,1/28/2021,700,A,55,6.0NRT,302.5,7.2,D
17.191,99.218,323.6,1.2,1.1,1/28/2021,700,A,73,6.0NRT,303.8,11.7,D
17.139,97.834,325.8,1.1,1,1/28/2021,700,A,75,6.0NRT,305.5,12.6,D
17.474,100.318,331.3,1.4,1.2,1/28/2021,700,A,82,6.0NRT,302.1,32.9,D
17.06,96.276,324.9,1,1,1/28/2021,700,A,61,6.0NRT,307.6,8.6,D
18.19,105.07,312.8,3.4,1.7,1/28/2021,700,A,48,6.0NRT,294.8,48.1,D
17.499,98.841,322.9,1.2,1.1,1/28/2021,700,A,42,6.0NRT,298,16.3,D
17.362,97.722,327.6,1.1,1,1/28/2021,700,A,79,6.0NRT,306.8,14.6,D
17.347,97.614,320.3,1,1,1/28/2021,700,A,68,6.0NRT,302.8,9,D
18.095,103.033,327.6,2.3,1.5,1/28/2021,700,A,75,6.0NRT,302.4,56.3,D
18.094,103.048,314.9,2.3,1.5,1/28/2021,700,A,41,6.0NRT,300.5,16.7,D
17.403,96.814,328.7,1,1,1/28/2021,700,A,80,6.0NRT,304.4,16.9,D
17.402,96.805,322.5,1,1,1/28/2021,700,A,73,6.0NRT,304.4,9.8,D
17.822,99.537,312.2,1.3,1.1,1/28/2021,700,A,48,6.0NRT,292.8,7.2,D
17.326,95.827,322.1,1,1,1/28/2021,700,A,67,6.0NRT,303.2,10.1,D
17.325,95.817,320.4,1,1,1/28/2021,700,A,58,6.0NRT,305.8,8,D
17.375,95.965,324.8,1,1,1/28/2021,700,A,66,6.0NRT,308.4,9.2,D
18.488,103.82,312.1,2.7,1.6,1/28/2021,700,A,41,6.0NRT,298.4,19.1,D
18.486,103.795,317.8,2.7,1.6,1/28/2021,700,A,69,6.0NRT,300.1,38.2,D
17.969,98.764,321.6,1.2,1.1,1/28/2021,700,A,50,6.0NRT,303.6,12.4,D
18.226,100.388,323.5,1.5,1.2,1/28/2021,700,A,76,6.0NRT,302,25.2,D
17.956,98.119,318.8,1.1,1,1/28/2021,700,A,60,6.0NRT,302.3,10.7,D
18.031,98.617,335.1,1.2,1.1,1/28/2021,700,A,82,6.0NRT,305.7,29.8,D
18.232,100.146,322.8,1.4,1.2,1/28/2021,700,A,75,6.0NRT,304.9,16.8,D
17.68,95.726,321.4,1,1,1/28/2021,700,A,64,6.0NRT,304.1,9.5,D
18.15,98.592,324,1.2,1.1,1/28/2021,700,A,63,6.0NRT,304.6,13,D
18.075,97.959,315.7,1.1,1,1/28/2021,700,A,53,6.0NRT,300.8,7.1,D
18.074,97.949,315,1.1,1,1/28/2021,700,A,36,6.0NRT,301.7,5.7,D
18.781,103.559,312.8,2.6,1.6,1/28/2021,700,A,25,6.0NRT,296.5,23.5,D
18.237,98.562,319.7,1.2,1.1,1/28/2021,700,A,27,6.0NRT,299.8,11.7,D
18.479,100.406,318.7,1.5,1.2,1/28/2021,700,A,60,6.0NRT,296.2,20.6,D
18.258,98.427,321.3,1.1,1.1,1/28/2021,700,A,18,6.0NRT,303.5,9.7,D
18.649,100.954,313.5,1.7,1.3,1/28/2021,700,A,36,6.0NRT,298.2,9.1,D
18.393,98.427,331,1.2,1.1,1/28/2021,700,A,84,6.0NRT,298.5,26.5,D
18.321,97.469,320.2,1.1,1,1/28/2021,700,A,40,6.0NRT,305.2,9.7,D
18.086,95.102,319.4,1,1,1/28/2021,700,A,70,6.0NRT,302.4,7.1,D
18.44,96.662,323.9,1,1,1/28/2021,700,A,76,6.0NRT,304.3,10.3,D
18.255,95.062,322.5,1,1,1/28/2021,700,A,74,6.0NRT,305.6,9.8,D
18.63,97.445,315.5,1.1,1,1/28/2021,700,A,43,6.0NRT,297.3,6.6,D
18.647,97.503,321.9,1.1,1,1/28/2021,700,A,76,6.0NRT,300.6,11.9,D
18.646,97.493,325.7,1.1,1,1/28/2021,700,A,80,6.0NRT,301.5,16.3,D
19.339,102.899,309,2.4,1.5,1/28/2021,700,A,46,6.0NRT,294.3,25.2,D
18.479,95.762,323.2,1,1,1/28/2021,700,A,76,6.0NRT,307.2,8.6,D
19.332,102.475,312.1,2.2,1.4,1/28/2021,700,A,57,6.0NRT,298,22.3,D
19.211,100.696,313.4,1.6,1.3,1/28/2021,700,A,58,6.0NRT,300.8,11.2,D
18.927,97.321,327,1.1,1,1/28/2021,700,A,81,6.0NRT,306.7,12.8,D
18.654,95.263,327.8,1,1,1/28/2021,700,A,79,6.0NRT,306.3,14.7,D
18.703,95.342,326.4,1,1,1/28/2021,700,A,66,6.0NRT,309.1,11.9,D
18.765,95.707,324.4,1,1,1/28/2021,700,A,77,6.0NRT,305.1,11.4,D
18.711,95.341,324,1,1,1/28/2021,700,A,32,6.0NRT,310.1,8.3,D
19.304,99.418,322.3,1.3,1.1,1/28/2021,700,A,52,6.0NRT,297.1,20.7,D
18.722,95.032,341.9,1,1,1/28/2021,700,A,90,6.0NRT,308.9,35.2,D
19.073,97.459,338.6,1.1,1,1/28/2021,700,A,89,6.0NRT,303.6,36.3,D
19.072,97.448,318.8,1.1,1,1/28/2021,700,A,50,6.0NRT,300.6,10.6,D
18.731,95.03,324.8,1,1,1/28/2021,700,A,76,6.0NRT,308.7,10.5,D
19.447,99.817,324.2,1.4,1.2,1/28/2021,700,A,77,6.0NRT,304.5,16.2,D
19.452,99.824,321.7,1.4,1.2,1/28/2021,700,A,74,6.0NRT,303.1,12.5,D
18.821,94.961,328.9,1,1,1/28/2021,700,A,80,6.0NRT,307.7,17.2,D
18.82,94.951,325.6,1,1,1/28/2021,700,A,77,6.0NRT,306.6,13.6,D
18.809,94.875,315.5,1,1,1/28/2021,700,A,57,6.0NRT,303.6,5.8,D
19.145,97.178,315.9,1,1,1/28/2021,700,A,66,6.0NRT,297.1,9.3,D
18.97,95.662,321.2,1,1,1/28/2021,700,A,68,6.0NRT,307.1,6.5,D
19.134,96.621,325.4,1,1,1/28/2021,700,A,78,6.0NRT,299.9,19.3,D
19.133,96.611,319.4,1,1,1/28/2021,700,A,69,6.0NRT,300.2,12.9,D
19.269,97.406,317.7,1.1,1,1/28/2021,700,A,59,6.0NRT,303.6,6.2,D
19.267,97.396,318.1,1.1,1,1/28/2021,700,A,70,6.0NRT,303,6.7,D
19.334,97.279,318.9,1.1,1,1/28/2021,700,A,41,6.0NRT,303.7,8.3,D
19.371,97.282,321,1.1,1,1/28/2021,700,A,60,6.0NRT,307.3,12,D
19.399,97.412,323.2,1.1,1,1/28/2021,700,A,77,6.0NRT,308.2,8.9,D
19.303,96.647,323,1,1,1/28/2021,700,A,75,6.0NRT,298,16.6,D
19.314,96.658,316.8,1,1,1/28/2021,700,A,64,6.0NRT,299.1,11,D
19.688,99.32,335.1,1.3,1.1,1/28/2021,700,A,82,6.0NRT,293.7,46.9,D
19.687,99.307,328.4,1.3,1.1,1/28/2021,700,A,82,6.0NRT,299.9,32.7,D
19.444,97.409,324.9,1.1,1,1/28/2021,700,A,79,6.0NRT,309,11,D
19.735,99.535,313.8,1.4,1.2,1/28/2021,700,A,50,6.0NRT,300.6,8.8,D
19.867,100.348,318.7,1.6,1.2,1/28/2021,700,A,65,6.0NRT,300.5,19.8,D
19.345,96.352,329.7,1,1,1/28/2021,700,A,79,6.0NRT,310,13.6,D
19.867,100.342,319.3,1.6,1.2,1/28/2021,700,A,58,6.0NRT,299.6,19.8,D
19.382,96.418,317.3,1,1,1/28/2021,700,A,57,6.0NRT,303.7,7.9,D
19.515,97.258,327.6,1.1,1,1/28/2021,700,A,81,6.0NRT,306.3,18.9,D
19.513,97.248,332,1.1,1,1/28/2021,700,A,85,6.0NRT,306.6,23.3,D
19.603,97.639,315.7,1.1,1,1/28/2021,700,A,42,6.0NRT,286.6,7.9,D
20.19,102.371,312.5,2.2,1.4,1/28/2021,700,A,53,6.0NRT,296.8,19.3,D
19.44,96.38,326,1,1,1/28/2021,700,A,75,6.0NRT,309.6,10.4,D
20.19,102.364,313.4,2.2,1.4,1/28/2021,700,A,17,6.0NRT,298.6,20.4,D
19.626,97.545,318.9,1.1,1,1/28/2021,700,A,32,6.0NRT,298.4,9.2,D
19.636,97.543,328.8,1.1,1,1/28/2021,700,A,82,6.0NRT,297.8,20,D
19.482,96.406,339,1,1,1/28/2021,700,A,88,6.0NRT,308.1,30.3,D
19.48,96.396,333,1,1,1/28/2021,700,A,84,6.0NRT,310.8,19.9,D
19.892,99.408,312.2,1.4,1.2,1/28/2021,700,A,34,6.0NRT,299.8,9,D
19.804,98.618,320.7,1.2,1.1,1/28/2021,700,A,71,6.0NRT,300.8,12.1,D
19.803,98.607,318.5,1.2,1.1,1/28/2021,700,A,53,6.0NRT,301.4,9,D
19.536,96.339,336,1,1,1/28/2021,700,A,86,6.0NRT,313.7,20.6,D
19.975,99.605,314.8,1.4,1.2,1/28/2021,700,A,57,6.0NRT,298.7,10,D
19.703,97.434,322.3,1.1,1,1/28/2021,700,A,72,6.0NRT,305.8,11.6,D
19.971,99.484,314.4,1.4,1.2,1/28/2021,700,A,61,6.0NRT,297.4,12.5,D
19.669,97.04,313,1,1,1/28/2021,700,A,41,6.0NRT,296.8,5.8,D
19.652,96.912,319.9,1,1,1/28/2021,700,A,69,6.0NRT,302.8,10.2,D
19.65,96.902,316.7,1,1,1/28/2021,700,A,60,6.0NRT,303.2,7.5,D
19.758,97.633,324.4,1.1,1,1/28/2021,700,A,77,6.0NRT,302,15.5,D
19.767,97.632,319.2,1.1,1,1/28/2021,700,A,50,6.0NRT,301.9,8.9,D
19.788,97.715,316.1,1.1,1,1/28/2021,700,A,56,6.0NRT,303.1,6.6,D
19.786,97.704,320.2,1.1,1,1/28/2021,700,A,72,6.0NRT,303.3,10.9,D
19.81,97.668,317.2,1.1,1,1/28/2021,700,A,52,6.0NRT,303.2,6.9,D
19.804,97.626,317.3,1.1,1,1/28/2021,700,A,62,6.0NRT,301,7.7,D
19.773,97.391,343.4,1.1,1,1/28/2021,700,A,92,6.0NRT,304.8,44.8,D
19.771,97.381,314.5,1.1,1,1/28/2021,700,A,30,6.0NRT,301.2,4.8,D
19.989,98.952,314.8,1.3,1.1,1/28/2021,700,A,49,6.0NRT,302.8,6.2,D
19.655,96.327,321.3,1,1,1/28/2021,700,A,59,6.0NRT,307.1,6.7,D
19.651,96.299,325.8,1,1,1/28/2021,700,A,75,6.0NRT,309.4,12.6,D
20.132,99.783,310.6,1.4,1.2,1/28/2021,700,A,34,6.0NRT,296.1,6.3,D
19.974,98.513,315.5,1.2,1.1,1/28/2021,700,A,28,6.0NRT,298.8,7.1,D
19.577,95.587,323,1,1,1/28/2021,700,A,72,6.0NRT,309.5,8,D
19.507,94.979,318.3,1,1,1/28/2021,700,A,61,6.0NRT,306.3,6.3,D
20.006,98.531,316.8,1.2,1.1,1/28/2021,700,A,40,6.0NRT,299.2,10.3,D
19.887,97.555,319.6,1.1,1,1/28/2021,700,A,59,6.0NRT,303.4,9.8,D
19.894,97.559,320.6,1.1,1,1/28/2021,700,A,72,6.0NRT,303.7,10.8,D
19.892,97.548,316.5,1.1,1,1/28/2021,700,A,44,6.0NRT,302.9,7.3,D
19.519,94.874,316.9,1,1,1/28/2021,700,A,56,6.0NRT,304.7,6,D
19.919,97.683,324.5,1.1,1,1/28/2021,700,A,77,6.0NRT,306.6,13.1,D
19.843,97.102,337.5,1.1,1,1/28/2021,700,A,88,6.0NRT,310.5,29.8,D
20.099,98.944,321.1,1.3,1.1,1/28/2021,700,A,57,6.0NRT,307.7,10.6,D
19.977,97.975,323.1,1.1,1.1,1/28/2021,700,A,36,6.0NRT,303.3,13.7,D
19.862,97.109,332.1,1.1,1,1/28/2021,700,A,76,6.0NRT,306.7,22.6,D
20.116,98.917,328,1.3,1.1,1/28/2021,700,A,79,6.0NRT,307.2,22.6,D
20.126,98.915,319.4,1.3,1.1,1/28/2021,700,A,63,6.0NRT,302.6,11.3,D
19.571,94.855,316.2,1,1,1/28/2021,700,A,46,6.0NRT,304.6,5.5,D
20.548,102.434,310.3,2.3,1.5,1/28/2021,700,A,48,6.0NRT,297.4,14.4,D
19.66,95.078,325.2,1,1,1/28/2021,700,A,75,6.0NRT,307.2,12,D
20.199,98.923,324.4,1.3,1.1,1/28/2021,700,A,78,6.0NRT,303.5,20.5,D
20.282,99.516,321.6,1.4,1.2,1/28/2021,700,A,75,6.0NRT,302.9,22.5,D
19.941,96.869,319.2,1,1,1/28/2021,700,A,66,6.0NRT,300.2,9.2,D
19.755,95.478,324.9,1,1,1/28/2021,700,A,75,6.0NRT,309.5,9,D
20.006,97.213,327.1,1.1,1,1/28/2021,700,A,79,6.0NRT,304.6,15.7,D
19.664,94.794,318.2,1,1,1/28/2021,700,A,55,6.0NRT,305.5,6.1,D
20.241,98.93,334.4,1.3,1.1,1/28/2021,700,A,86,6.0NRT,306.7,37.9,D
20.252,98.941,319.2,1.3,1.1,1/28/2021,700,A,45,6.0NRT,304.5,11.5,D
20.251,98.928,344.8,1.3,1.1,1/28/2021,700,A,93,6.0NRT,306.4,62.3,D
20.104,97.798,318.2,1.1,1.1,1/28/2021,700,A,63,6.0NRT,302.8,6.9,D
20.25,98.935,340.7,1.3,1.1,1/28/2021,700,A,90,6.0NRT,306.4,51.4,D
20.249,98.923,331.1,1.3,1.1,1/28/2021,700,A,84,6.0NRT,306.6,30.1,D
19.787,95.323,325.7,1,1,1/28/2021,700,A,76,6.0NRT,312.2,8.5,D
20.112,97.325,326.5,1.1,1,1/28/2021,700,A,78,6.0NRT,308.5,12.7,D
20.166,97.034,344.1,1.1,1,1/28/2021,700,A,92,6.0NRT,310.8,42.2,D
20.164,97.024,334.8,1.1,1,1/28/2021,700,A,85,6.0NRT,307.8,26.4,D
20.279,97.7,317.9,1.1,1.1,1/28/2021,700,A,41,6.0NRT,304.1,7.6,D
20.495,99.271,340,1.4,1.2,1/28/2021,700,A,90,6.0NRT,303.5,55.2,D
20.493,99.258,341.5,1.4,1.2,1/28/2021,700,A,91,6.0NRT,304.1,59.2,D
19.851,94.507,315.4,1,1,1/28/2021,700,A,24,6.0NRT,303.9,5.5,D
19.861,94.515,316.1,1,1,1/28/2021,700,A,41,6.0NRT,304.9,5.2,D
20.594,99.658,317.2,1.4,1.2,1/28/2021,700,A,71,6.0NRT,300.6,17.6,D
20.552,99.224,315.9,1.4,1.2,1/28/2021,700,A,54,6.0NRT,301.4,9.7,D
20.168,96.323,325,1,1,1/28/2021,700,A,64,6.0NRT,309.7,10.3,D
20.268,96.981,319.1,1.1,1,1/28/2021,700,A,37,6.0NRT,305.5,7.5,D
20.421,98.011,322.6,1.2,1.1,1/28/2021,700,A,63,6.0NRT,304.8,14.4,D
20.275,96.893,326.5,1,1,1/28/2021,700,A,74,6.0NRT,305.8,15,D
20.598,99.364,323.4,1.4,1.2,1/28/2021,700,A,78,6.0NRT,297.8,28.8,D
20.597,99.352,311,1.4,1.2,1/28/2021,700,A,58,6.0NRT,297.8,11.2,D
20.401,97.782,328.6,1.1,1.1,1/28/2021,700,A,81,6.0NRT,306.2,21.5,D
20.43,97.931,315.2,1.1,1.1,1/28/2021,700,A,38,6.0NRT,303.4,6.5,D
20.156,95.832,318.6,1,1,1/28/2021,700,A,49,6.0NRT,306,5.4,D
20.475,98.127,317.6,1.2,1.1,1/28/2021,700,A,58,6.0NRT,305,7.5,D
20.364,96.945,319.3,1,1,1/28/2021,700,A,59,6.0NRT,305.2,6.7,D
20.362,96.935,324.2,1,1,1/28/2021,700,A,74,6.0NRT,308.7,11.9,D
20.201,95.636,320.1,1,1,1/28/2021,700,A,59,6.0NRT,307.1,5.5,D
20.319,96.277,330.3,1,1,1/28/2021,700,A,78,6.0NRT,311.7,15,D
20.317,96.267,325.7,1,1,1/28/2021,700,A,67,6.0NRT,312.8,8.3,D
20.747,99.324,307.6,1.4,1.2,1/28/2021,700,A,38,6.0NRT,296.3,7.2,D
20.515,97.447,318.4,1.1,1,1/28/2021,700,A,57,6.0NRT,303.2,9,D
20.514,97.437,327.1,1.1,1,1/28/2021,700,A,79,6.0NRT,304.3,19.9,D
20.754,99.317,308.1,1.4,1.2,1/28/2021,700,A,30,6.0NRT,297,7.2,D
20.582,97.908,319.3,1.1,1.1,1/28/2021,700,A,38,6.0NRT,306.8,6.9,D
20.58,97.897,328.1,1.1,1.1,1/28/2021,700,A,81,6.0NRT,308.3,18,D
20.526,97.47,314.7,1.1,1,1/28/2021,700,A,31,6.0NRT,298.9,7.3,D
20.616,98.024,312.1,1.2,1.1,1/28/2021,700,A,50,6.0NRT,298.4,7.7,D
20.614,97.936,317.5,1.2,1.1,1/28/2021,700,A,45,6.0NRT,305.2,6.9,D
20.021,93.434,319,1.1,1.1,1/28/2021,700,A,63,6.0NRT,307.3,11.2,D
20.576,97.093,320,1.1,1,1/28/2021,700,A,57,6.0NRT,307.4,7.6,D
20.575,97.083,323.6,1.1,1,1/28/2021,700,A,73,6.0NRT,306.2,11.3,D
20.637,97.48,313.6,1.1,1,1/28/2021,700,A,43,6.0NRT,296,8.2,D
20.635,97.469,316,1.1,1,1/28/2021,700,A,25,6.0NRT,299.7,9.3,D
20.224,94.288,317.3,1,1,1/28/2021,700,A,57,6.0NRT,303,10.4,D
20.084,93.308,325,1.1,1.1,1/28/2021,700,A,57,6.0NRT,310.1,15.8,D
20.588,96.559,318.5,1,1,1/28/2021,700,A,49,6.0NRT,299.6,11.2,D
20.807,98.087,319.6,1.2,1.1,1/28/2021,700,A,72,6.0NRT,299.1,15.1,D
20.806,98.076,314.2,1.2,1.1,1/28/2021,700,A,62,6.0NRT,303,9.3,D
20.694,97.068,320.8,1.1,1,1/28/2021,700,A,61,6.0NRT,302.4,9.3,D
20.107,93.053,323.1,1.2,1.1,1/28/2021,700,A,54,6.0NRT,309.9,13.1,D
20.778,97.226,325.2,1.1,1,1/28/2021,700,A,74,6.0NRT,310.6,14.9,D
20.751,96.881,326.4,1.1,1,1/28/2021,700,A,75,6.0NRT,312.7,14,D
20.749,96.87,322.7,1.1,1,1/28/2021,700,A,53,6.0NRT,309.1,10.4,D
20.831,97.418,313.6,1.1,1,1/28/2021,700,A,45,6.0NRT,301.7,6.1,D
20.873,97.659,321.4,1.1,1.1,1/28/2021,700,A,73,6.0NRT,303.7,11.2,D
21.378,101.823,316.2,2.1,1.4,1/28/2021,700,A,68,6.0NRT,291.4,32.2,D
20.218,93.05,322.7,1.2,1.1,1/28/2021,700,A,76,6.0NRT,307.8,12,D
20.822,96.863,323.6,1.1,1,1/28/2021,700,A,71,6.0NRT,307.5,11.6,D
20.821,96.853,322.4,1.1,1,1/28/2021,700,A,69,6.0NRT,307.1,10.4,D
20.968,97.682,318.5,1.1,1.1,1/28/2021,700,A,62,6.0NRT,305.5,9.6,D
20.961,97.01,326.3,1.1,1,1/28/2021,700,A,68,6.0NRT,312.2,10.1,D
20.963,96.958,325.4,1.1,1,1/28/2021,700,A,75,6.0NRT,311.3,11.7,D
21.074,97.572,322.5,1.1,1.1,1/28/2021,700,A,60,6.0NRT,302.4,15.3,D
21.013,97.116,330.9,1.1,1,1/28/2021,700,A,82,6.0NRT,306.9,20.4,D
20.995,96.984,324.7,1.1,1,1/28/2021,700,A,45,6.0NRT,313.6,9.6,D
21.033,97.137,326.2,1.1,1,1/28/2021,700,A,49,6.0NRT,306.2,13.6,D
21.049,97.187,322.9,1.1,1,1/28/2021,700,A,28,6.0NRT,307.7,11.1,D
21.077,97.183,320.5,1.1,1,1/28/2021,700,A,32,6.0NRT,305.8,6.7,D
21.18,97.749,314.9,1.1,1.1,1/28/2021,700,A,62,6.0NRT,302.5,6.1,D
21.098,96.992,331.7,1.1,1,1/28/2021,700,A,75,6.0NRT,308.5,18.8,D
21.097,96.982,326.1,1.1,1,1/28/2021,700,A,28,6.0NRT,311.7,9.9,D
21.104,96.986,339.7,1.1,1,1/28/2021,700,A,89,6.0NRT,310.4,31.6,D
21.143,97.21,319.2,1.1,1,1/28/2021,700,A,39,6.0NRT,306.2,8.2,D
21.249,97.957,316.3,1.2,1.1,1/28/2021,700,A,66,6.0NRT,301.7,11.2,D
21.247,97.946,316.1,1.2,1.1,1/28/2021,700,A,66,6.0NRT,300,11.1,D
21.173,97.226,314.6,1.1,1,1/28/2021,700,A,44,6.0NRT,302,6.6,D
21.305,98.167,318,1.2,1.1,1/28/2021,700,A,47,6.0NRT,304.9,9.4,D
21.177,97.11,324.8,1.1,1,1/28/2021,700,A,75,6.0NRT,305.4,13.5,D
21.176,97.1,355.2,1.1,1,1/28/2021,700,A,97,6.0NRT,307.9,70.8,D
20.585,92.971,318.2,1.2,1.1,1/28/2021,700,A,32,6.0NRT,308,7.1,D
20.596,92.98,348.1,1.2,1.1,1/28/2021,700,A,94,6.0NRT,310.4,57.3,D
20.594,92.969,348.5,1.2,1.1,1/28/2021,700,A,94,6.0NRT,310.4,59.5,D
21.311,97.873,317,1.2,1.1,1/28/2021,700,A,67,6.0NRT,305.6,9.6,D
21.144,96.594,315.4,1,1,1/28/2021,700,A,36,6.0NRT,300.1,9.3,D
20.622,92.991,323.1,1.2,1.1,1/28/2021,700,A,77,6.0NRT,309,12.3,D
20.62,92.98,360.2,1.2,1.1,1/28/2021,700,A,100,6.0NRT,311.6,93.8,D
21.24,97.104,321.9,1.1,1,1/28/2021,700,A,72,6.0NRT,304.4,12.6,D
21.239,97.094,321.9,1.1,1,1/28/2021,700,A,72,6.0NRT,305.1,12.8,D
21.269,96.964,327.8,1.1,1,1/28/2021,700,A,55,6.0NRT,302.2,18.6,D
21.431,98.119,330.2,1.2,1.1,1/28/2021,700,A,84,6.0NRT,306.8,24.5,D
21.433,98.125,319.1,1.2,1.1,1/28/2021,700,A,73,6.0NRT,305.8,12,D
21.432,98.113,323.4,1.2,1.1,1/28/2021,700,A,78,6.0NRT,306.5,17.3,D
21.285,96.966,328,1.1,1,1/28/2021,700,A,66,6.0NRT,304,20.3,D
21.277,96.906,318.6,1.1,1,1/28/2021,700,A,36,6.0NRT,305.7,5.9,D
21.469,98.096,312.3,1.2,1.1,1/28/2021,700,A,46,6.0NRT,301.6,6.6,D
21.468,98.085,313.4,1.2,1.1,1/28/2021,700,A,55,6.0NRT,301.1,8.6,D
21.317,96.92,317.8,1.1,1,1/28/2021,700,A,42,6.0NRT,305.3,6.3,D
21.648,98.14,320.1,1.2,1.1,1/28/2021,700,A,56,6.0NRT,304.1,13.7,D
21.466,96.528,318.4,1,1,1/28/2021,700,A,52,6.0NRT,305.5,7,D
21.461,96.489,319.7,1,1,1/28/2021,700,A,58,6.0NRT,305.8,7.6,D
21.644,97.609,317.9,1.1,1.1,1/28/2021,700,A,57,6.0NRT,305.2,11.6,D
21.511,96.585,316.4,1,1,1/28/2021,700,A,26,6.0NRT,305.2,7.7,D
21.51,96.575,318.9,1,1,1/28/2021,700,A,46,6.0NRT,307.3,10.3,D
21.614,96.939,318.7,1.1,1,1/28/2021,700,A,59,6.0NRT,306.3,6.3,D
21.636,96.894,324.3,1.1,1,1/28/2021,700,A,76,6.0NRT,306.9,13.6,D
21.618,96.432,315.2,1,1,1/28/2021,700,A,39,6.0NRT,303.7,5.8,D
21.666,96.307,321.7,1,1,1/28/2021,700,A,69,6.0NRT,306.7,9.3,D
21.665,96.297,318.5,1,1,1/28/2021,700,A,46,6.0NRT,306,5.8,D
21.896,97.84,313.8,1.2,1.1,1/28/2021,700,A,39,6.0NRT,301,5.3,D
21.99,98.347,320.6,1.3,1.1,1/28/2021,700,A,76,6.0NRT,305.4,14.4,D
21.741,96.446,319.2,1,1,1/28/2021,700,A,41,6.0NRT,307,6.8,D
21.842,97.011,312.8,1.1,1,1/28/2021,700,A,19,6.0NRT,302.2,5.9,D
21.851,97.01,315.9,1.1,1,1/28/2021,700,A,57,6.0NRT,301.2,9.1,D
21.781,96.413,317.8,1,1,1/28/2021,700,A,61,6.0NRT,303.6,7.7,D
21.894,97.195,315.8,1.1,1,1/28/2021,700,A,39,6.0NRT,304.4,8.1,D
21.904,96.981,317.5,1.1,1,1/28/2021,700,A,62,6.0NRT,305.8,9,D
21.854,96.473,317.8,1,1,1/28/2021,700,A,61,6.0NRT,303.1,7.8,D
22.03,97.451,321.6,1.1,1.1,1/28/2021,700,A,47,6.0NRT,308.3,9.1,D
22.035,97.275,322.8,1.1,1.1,1/28/2021,700,A,70,6.0NRT,305.6,14.9,D
22.069,97.455,326.4,1.1,1.1,1/28/2021,700,A,80,6.0NRT,309.5,14.1,D
22.055,97.348,318.8,1.1,1.1,1/28/2021,700,A,69,6.0NRT,301.1,12,D
22.085,97.508,324.2,1.1,1.1,1/28/2021,700,A,57,6.0NRT,307.2,13.1,D
22,96.864,320.9,1.1,1,1/28/2021,700,A,71,6.0NRT,304.6,10.6,D
21.998,96.854,348,1.1,1,1/28/2021,700,A,94,6.0NRT,306.5,54.7,D
21.564,93.758,309.2,1.1,1,1/28/2021,700,A,33,6.0NRT,294.8,7.5,D
22.098,97.423,322.9,1.1,1.1,1/28/2021,700,A,43,6.0NRT,308.6,10.7,D
21.568,93.664,309.8,1.1,1,1/28/2021,700,A,16,6.0NRT,293.6,6.1,D
21.576,93.651,312.3,1.1,1,1/28/2021,700,A,59,6.0NRT,297.3,8.1,D
22.387,99.178,319.3,1.4,1.2,1/28/2021,700,A,75,6.0NRT,298.4,21.6,D
22.22,97.844,318.1,1.2,1.1,1/28/2021,700,A,53,6.0NRT,302.3,10.6,D
22.086,96.767,319,1.1,1,1/28/2021,700,A,58,6.0NRT,305,10.1,D
22.395,99.185,311,1.4,1.2,1/28/2021,700,A,20,6.0NRT,297.5,9.3,D
22.393,99.17,312.6,1.4,1.2,1/28/2021,700,A,47,6.0NRT,298.4,11.4,D
22.192,97.513,324.3,1.1,1.1,1/28/2021,700,A,78,6.0NRT,301.6,18.1,D
22.191,97.502,325.4,1.1,1.1,1/28/2021,700,A,79,6.0NRT,302.1,18.8,D
22.166,97.017,316.3,1.1,1,1/28/2021,700,A,61,6.0NRT,304.1,6.1,D
22.261,97.525,319.2,1.1,1.1,1/28/2021,700,A,39,6.0NRT,302.2,10.1,D
22.154,96.642,324.1,1.1,1,1/28/2021,700,A,74,6.0NRT,302,14.7,D
22.133,96.49,315.9,1,1,1/28/2021,700,A,44,6.0NRT,296.6,9.3,D
22.275,97.528,320.5,1.1,1.1,1/28/2021,700,A,66,6.0NRT,302.6,12.2,D
22.279,97.483,319.5,1.1,1.1,1/28/2021,700,A,39,6.0NRT,304.2,10,D
22.304,97.603,323.4,1.2,1.1,1/28/2021,700,A,65,6.0NRT,304,12.9,D
22.29,97.492,318.8,1.1,1.1,1/28/2021,700,A,36,6.0NRT,305,7.5,D
22.314,97.601,325.3,1.2,1.1,1/28/2021,700,A,77,6.0NRT,306.5,15.8,D
22.311,97.579,333.5,1.2,1.1,1/28/2021,700,A,85,6.0NRT,305.2,28.5,D
22.31,97.568,317.1,1.2,1.1,1/28/2021,700,A,50,6.0NRT,301.4,7.8,D
21.749,93.578,313.5,1.1,1,1/28/2021,700,A,54,6.0NRT,295.4,10.9,D
21.747,93.568,318.4,1.1,1,1/28/2021,700,A,69,6.0NRT,298.4,15.4,D
22.337,97.632,323.4,1.2,1.1,1/28/2021,700,A,77,6.0NRT,303.9,15.1,D
22.286,97.088,317.1,1.1,1,1/28/2021,700,A,49,6.0NRT,303.5,8.3,D
22.367,97.638,321.5,1.2,1.1,1/28/2021,700,A,75,6.0NRT,303.3,14,D
22.346,97.473,325.4,1.1,1.1,1/28/2021,700,A,79,6.0NRT,299.1,21,D
21.951,94.617,318,1,1,1/28/2021,700,A,63,6.0NRT,305.4,5.8,D
22.376,97.518,342,1.1,1.1,1/28/2021,700,A,91,6.0NRT,305.5,47,D
22.375,97.507,328.4,1.1,1.1,1/28/2021,700,A,82,6.0NRT,304.1,23,D
22.395,97.593,316.1,1.2,1.1,1/28/2021,700,A,63,6.0NRT,302.1,7.6,D
22.399,97.548,317.6,1.2,1.1,1/28/2021,700,A,58,6.0NRT,302.9,8.3,D
22.398,97.537,325.5,1.1,1.1,1/28/2021,700,A,79,6.0NRT,303.4,18.1,D
22.263,96.297,317.6,1,1,1/28/2021,700,A,46,6.0NRT,304.7,7.4,D
22.02,94.52,316.8,1,1,1/28/2021,700,A,61,6.0NRT,304.9,4.6,D
22.386,97.002,320,1.1,1,1/28/2021,700,A,65,6.0NRT,299.8,13.3,D
22.421,97.229,310.4,1.1,1.1,1/28/2021,700,A,33,6.0NRT,298.3,7.4,D
22.361,96.695,316.1,1.1,1,1/28/2021,700,A,50,6.0NRT,303.9,6.7,D
22.369,96.548,317.5,1.1,1,1/28/2021,700,A,57,6.0NRT,305.4,7.1,D
22.549,97.435,339.2,1.1,1.1,1/28/2021,700,A,90,6.0NRT,305.4,40.7,D
22.548,97.424,320.9,1.1,1.1,1/28/2021,700,A,63,6.0NRT,302.8,10.9,D
22.513,97.078,322.7,1.1,1,1/28/2021,700,A,68,6.0NRT,301.7,14.1,D
22.5,96.552,315.8,1.1,1,1/28/2021,700,A,44,6.0NRT,303.6,6.5,D
22.453,95.747,325.1,1,1,1/28/2021,700,A,76,6.0NRT,308.9,11.2,D
23.056,100.403,309.7,1.8,1.3,1/28/2021,700,A,64,6.0NRT,294.7,14.5,D
22.763,97.786,321.9,1.2,1.1,1/28/2021,700,A,70,6.0NRT,306,13.8,D
22.977,99.292,314,1.5,1.2,1/28/2021,700,A,69,6.0NRT,296.2,16.4,D
22.975,99.278,315.6,1.5,1.2,1/28/2021,700,A,72,6.0NRT,299.7,18.5,D
22.287,94.02,314.9,1,1,1/28/2021,700,A,42,6.0NRT,301.4,5.9,D
22.808,97.644,318.9,1.2,1.1,1/28/2021,700,A,63,6.0NRT,301,12,D
23.038,99.344,311.9,1.5,1.2,1/28/2021,700,A,66,6.0NRT,299.1,12,D
22.64,95.964,322,1,1,1/28/2021,700,A,73,6.0NRT,307.8,8.3,D
22.58,95.338,319.4,1,1,1/28/2021,700,A,68,6.0NRT,304.8,6.4,D
22.579,95.329,321.4,1,1,1/28/2021,700,A,72,6.0NRT,305.4,7.9,D
22.703,96.024,319.1,1,1,1/28/2021,700,A,68,6.0NRT,305.4,7.6,D
22.621,95.43,322,1,1,1/28/2021,700,A,52,6.0NRT,306.1,7.4,D
22.67,95.643,320,1,1,1/28/2021,700,A,56,6.0NRT,306.6,5,D
22.679,95.641,320.2,1,1,1/28/2021,700,A,65,6.0NRT,306.1,5.2,D
22.67,95.514,319.5,1,1,1/28/2021,700,A,69,6.0NRT,307.2,6.6,D
22.648,95.36,324.1,1,1,1/28/2021,700,A,64,6.0NRT,306,8.9,D
22.931,97.397,316.7,1.1,1.1,1/28/2021,700,A,63,6.0NRT,303.4,10.3,D
22.664,95.337,322.3,1,1,1/28/2021,700,A,70,6.0NRT,305.9,7.9,D
23.334,100.544,311.5,1.8,1.3,1/28/2021,700,A,61,6.0NRT,295.4,17.9,D
23.348,100.56,313.1,1.8,1.3,1/28/2021,700,A,70,6.0NRT,296.2,22.2,D
22.697,95.381,321.5,1,1,1/28/2021,700,A,60,6.0NRT,305.9,6.6,D
22.706,95.38,319.6,1,1,1/28/2021,700,A,47,6.0NRT,305.4,5,D
22.389,93.228,308.1,1.1,1,1/28/2021,700,A,55,6.0NRT,296.3,6.9,D
22.741,95.562,329.9,1,1,1/28/2021,700,A,82,6.0NRT,306.2,16.3,D
22.739,95.552,324.7,1,1,1/28/2021,700,A,74,6.0NRT,308,9.7,D
23.353,100.554,306.9,1.8,1.3,1/28/2021,700,A,36,6.0NRT,294.9,11.2,D
23.36,100.498,313.6,1.8,1.3,1/28/2021,700,A,70,6.0NRT,294.8,23.7,D
23.048,97.765,314.1,1.2,1.1,1/28/2021,700,A,49,6.0NRT,302.3,7.9,D
23.435,100.87,309.4,1.9,1.4,1/28/2021,700,A,63,6.0NRT,292.6,19.5,D
22.759,95.365,318.7,1,1,1/28/2021,700,A,68,6.0NRT,306,5.1,D
22.861,96.036,319,1,1,1/28/2021,700,A,69,6.0NRT,306.1,7.4,D
22.796,95.498,320.3,1,1,1/28/2021,700,A,71,6.0NRT,306.9,6.5,D
22.9,96.05,318.6,1,1,1/28/2021,700,A,68,6.0NRT,303.9,8,D
22.532,93.502,306.4,1.1,1,1/28/2021,700,A,26,6.0NRT,295.6,5.7,D
22.905,95.552,328.9,1,1,1/28/2021,700,A,81,6.0NRT,306.9,16.3,D
22.881,95.378,320.4,1,1,1/28/2021,700,A,70,6.0NRT,305.5,6.8,D
23.515,100.211,308.1,1.7,1.3,1/28/2021,700,A,43,6.0NRT,294.7,12.3,D
23.513,100.192,310.9,1.7,1.3,1/28/2021,700,A,66,6.0NRT,294.9,17,D
22.87,95.172,328.7,1,1,1/28/2021,700,A,81,6.0NRT,306.4,15.8,D
22.869,95.163,322.5,1,1,1/28/2021,700,A,74,6.0NRT,307.8,8.7,D
22.903,95.339,320.4,1,1,1/28/2021,700,A,64,6.0NRT,306.9,6,D
23.511,100.205,315.6,1.7,1.3,1/28/2021,700,A,73,6.0NRT,295.7,26,D
22.641,93.501,321.7,1.1,1,1/28/2021,700,A,76,6.0NRT,297.7,16.5,D
22.64,93.49,325,1.1,1,1/28/2021,700,A,81,6.0NRT,301.6,21.2,D
22.911,95.14,339.9,1,1,1/28/2021,700,A,89,6.0NRT,307.3,33.1,D
22.827,93.988,315.6,1,1,1/28/2021,700,A,48,6.0NRT,302.9,7,D
23.051,95.476,322,1,1,1/28/2021,700,A,69,6.0NRT,305.6,7.5,D
23.072,95.229,326.3,1,1,1/28/2021,700,A,79,6.0NRT,305.2,13.4,D
23.08,95.228,321.3,1,1,1/28/2021,700,A,72,6.0NRT,306.5,8.5,D
23.619,98.352,314.8,1.3,1.1,1/28/2021,700,A,72,6.0NRT,297.3,14.7,D
23.617,98.339,307.8,1.3,1.1,1/28/2021,700,A,60,6.0NRT,296.6,7,D
23.347,96.09,314.4,1,1,1/28/2021,700,A,33,6.0NRT,300.3,7.2,D
23.92,100.682,306.2,1.9,1.3,1/28/2021,700,A,48,6.0NRT,294.1,14.3,D
23.415,96.526,324.7,1.1,1,1/28/2021,700,A,79,6.0NRT,300.8,17.1,D
23.414,96.516,314.7,1.1,1,1/28/2021,700,A,25,6.0NRT,301.3,6.1,D
23.407,96.391,324.7,1.1,1,1/28/2021,700,A,79,6.0NRT,301.6,16.5,D
23.405,96.381,318,1.1,1,1/28/2021,700,A,61,6.0NRT,301.1,9.5,D
23.425,96.477,314.4,1.1,1,1/28/2021,700,A,61,6.0NRT,303.6,7.8,D
23.009,93.492,320.1,1,1,1/28/2021,700,A,77,6.0NRT,295.2,16.5,D
23.433,96.391,326.6,1.1,1,1/28/2021,700,A,81,6.0NRT,303.3,17.9,D
23.532,96.715,318.2,1.1,1,1/28/2021,700,A,72,6.0NRT,300,11.1,D
23.53,96.704,316.3,1.1,1,1/28/2021,700,A,69,6.0NRT,300.5,8.6,D
23.526,96.673,315.8,1.1,1,1/28/2021,700,A,68,6.0NRT,303.1,7.1,D
23.556,96.63,315.2,1.1,1,1/28/2021,700,A,68,6.0NRT,302.1,7.1,D
23.562,96.533,314.6,1.1,1,1/28/2021,700,A,67,6.0NRT,300.6,8.1,D
23.563,96.395,312.6,1.1,1,1/28/2021,700,A,61,6.0NRT,301.3,5.3,D
23.179,93.691,310.6,1,1,1/28/2021,700,A,55,6.0NRT,295.7,7.8,D
23.594,96.56,311.6,1.1,1,1/28/2021,700,A,57,6.0NRT,300.2,5.8,D
23.134,93.047,312,1.1,1,1/28/2021,700,A,67,6.0NRT,295,9.6,D
23.757,96.962,311.7,1.1,1.1,1/28/2021,700,A,64,6.0NRT,299.1,7.8,D
24.01,98.747,304.7,1.4,1.2,1/28/2021,700,A,51,6.0NRT,281.2,10.1,D
23.279,93.32,315,1.1,1,1/28/2021,700,A,72,6.0NRT,296.2,12.1,D
23.278,93.311,320.2,1.1,1,1/28/2021,700,A,78,6.0NRT,298,17.1,D
23.757,96.405,311,1.1,1,1/28/2021,700,A,53,6.0NRT,299.1,5.5,D
23.592,93.379,310.9,1,1,1/28/2021,700,A,67,6.0NRT,297.4,8.3,D
23.777,93.561,305.7,1,1,1/28/2021,700,A,39,6.0NRT,294.5,4.1,D
23.786,93.559,315,1,1,1/28/2021,700,A,73,6.0NRT,295.6,11.6,D
24.281,96.9,311.7,1.1,1.1,1/28/2021,700,A,46,6.0NRT,301,6.8,D
24.387,97.311,319.4,1.2,1.1,1/28/2021,700,A,76,6.0NRT,301.6,13.8,D
23.734,92.686,309.5,1.1,1,1/28/2021,700,A,66,6.0NRT,298.4,6.2,D
23.732,92.675,310.1,1.1,1,1/28/2021,700,A,67,6.0NRT,298.7,6.9,D
24.847,98.334,309.1,1.4,1.2,1/28/2021,700,A,43,6.0NRT,297.5,7.8,D
24.78,97.286,311.7,1.2,1.1,1/28/2021,700,A,62,6.0NRT,299,8,D
24.789,97.284,310.7,1.2,1.1,1/28/2021,700,A,60,6.0NRT,297.2,7.3,D
24.318,93.66,312.2,1,1,1/28/2021,700,A,64,6.0NRT,302.1,8.1,D
24.971,97.351,316.8,1.2,1.1,1/28/2021,700,A,75,6.0NRT,301.8,11.1,D
25.108,97.14,321.4,1.2,1.1,1/28/2021,700,A,80,6.0NRT,301,17.1,D
25.18,96.755,313,1.1,1.1,1/28/2021,700,A,50,6.0NRT,302.2,5.9,D
24.705,92.343,316.9,1.1,1,1/28/2021,700,A,73,6.0NRT,301.1,10,D
24.76,92.282,316.6,1.1,1.1,1/28/2021,700,A,73,6.0NRT,298.7,11.9,D
25.059,94.178,311,1,1,1/28/2021,700,A,68,6.0NRT,295.2,8.6,D
25.057,94.169,308.2,1,1,1/28/2021,700,A,63,6.0NRT,294.9,6.2,D
25.148,94.483,303.9,1,1,1/28/2021,700,A,33,6.0NRT,293.5,4.2,D
24.928,92.464,315,1.1,1,1/28/2021,700,A,72,6.0NRT,303.1,8.4,D
25.243,93.993,308.3,1,1,1/28/2021,700,A,65,6.0NRT,294,5.9,D
25.242,93.983,306.1,1,1,1/28/2021,700,A,52,6.0NRT,292.6,5,D
25.266,93.959,338.4,1,1,1/28/2021,700,A,91,6.0NRT,291.4,40,D
25.264,93.949,331.3,1,1,1/28/2021,700,A,87,6.0NRT,292.4,29.7,D
25.772,96.664,311.4,1.1,1.1,1/28/2021,700,A,71,6.0NRT,299.7,6.3,D
25.516,94.354,308.1,1,1,1/28/2021,700,A,66,6.0NRT,295.2,7,D
25.46,93.962,311.4,1,1,1/28/2021,700,A,71,6.0NRT,296.5,8.1,D
25.31,92.843,311.2,1.1,1,1/28/2021,700,A,68,6.0NRT,292.9,10.1,D
26.504,102.014,303.4,2.6,1.5,1/28/2021,700,A,23,6.0NRT,289.7,14,D
26.497,102.008,306.1,2.6,1.5,1/28/2021,700,A,49,6.0NRT,290.8,20,D
26.576,101.662,321.3,2.4,1.5,1/28/2021,700,A,80,6.0NRT,297.2,52,D
26.57,101.656,320.3,2.4,1.5,1/28/2021,700,A,80,6.0NRT,297.3,51.3,D
26.673,101.888,308.8,2.5,1.5,1/28/2021,700,A,33,6.0NRT,293.6,21.4,D
26.719,101.999,322.4,2.6,1.5,1/28/2021,700,A,81,6.0NRT,291.7,72.3,D
26.717,101.975,303.6,2.6,1.5,1/28/2021,700,A,24,6.0NRT,291.3,12.4,D
25.551,92.183,307.3,1.1,1,1/28/2021,700,A,41,6.0NRT,297,5.3,D
25.571,92.218,310.2,1.1,1,1/28/2021,700,A,62,6.0NRT,295.2,7.9,D
26.765,101.512,308.7,2.4,1.5,1/28/2021,700,A,37,6.0NRT,293.2,22.4,D
26.625,99.941,310.6,1.8,1.3,1/28/2021,700,A,62,6.0NRT,296.4,19.7,D
26.79,101.491,305,2.4,1.5,1/28/2021,700,A,22,6.0NRT,292.3,15.4,D
26.874,101.956,304,2.6,1.5,1/28/2021,700,A,15,6.0NRT,291.6,16.8,D
26.868,101.95,304.4,2.6,1.5,1/28/2021,700,A,46,6.0NRT,292.3,19.3,D
26.833,101.404,304.5,2.3,1.5,1/28/2021,700,A,55,6.0NRT,291.2,15.4,D
26.019,94.389,305.2,1,1,1/28/2021,700,A,56,6.0NRT,294.5,4.1,D
26.881,101.784,314.1,2.5,1.5,1/28/2021,700,A,57,6.0NRT,289.5,43.6,D
25.564,91.299,311.1,1.2,1.1,1/28/2021,700,A,68,6.0NRT,298.5,9.2,D
25.657,91.81,307,1.1,1.1,1/28/2021,700,A,58,6.0NRT,296.8,5.9,D
26.081,94.57,314.8,1,1,1/28/2021,700,A,74,6.0NRT,292.8,13,D
26.917,101.493,306.6,2.4,1.5,1/28/2021,700,A,0,6.0NRT,291.1,22.6,D
26.101,94.319,307.4,1,1,1/28/2021,700,A,61,6.0NRT,295.8,6.3,D
27.013,102.11,306.4,2.6,1.6,1/28/2021,700,A,42,6.0NRT,293.6,19.7,D
26.193,94.849,309.1,1,1,1/28/2021,700,A,64,6.0NRT,291,8.7,D
26.995,101.642,300.2,2.4,1.5,1/28/2021,700,A,6,6.0NRT,288.7,10.9,D
27.042,101.417,307.5,2.4,1.5,1/28/2021,700,A,62,6.0NRT,292.7,26.7,D
27.119,101.281,323.4,2.3,1.5,1/28/2021,700,A,82,6.0NRT,292.6,73,D
27.204,101.917,310.1,2.6,1.5,1/28/2021,700,A,63,6.0NRT,295.1,38,D
27.162,101.18,306.3,2.3,1.5,1/28/2021,700,A,49,6.0NRT,289,22.1,D
27.161,101.172,302.6,2.3,1.5,1/28/2021,700,A,38,6.0NRT,288.6,15.5,D
26.481,94.864,313.7,1,1,1/28/2021,700,A,45,6.0NRT,293.1,9.9,D
26.49,94.863,327.5,1,1,1/28/2021,700,A,85,6.0NRT,294.4,23.7,D
26.487,94.843,333.8,1,1,1/28/2021,700,A,88,6.0NRT,295.2,32,D
26.486,94.832,314.1,1,1,1/28/2021,700,A,49,6.0NRT,293.2,10.2,D
26.559,95.233,302,1,1,1/28/2021,700,A,37,6.0NRT,291.3,3.5,D
25.967,91.181,306.1,1.2,1.1,1/28/2021,700,A,50,6.0NRT,295.2,5,D
26.594,94.953,346.2,1,1,1/28/2021,700,A,94,6.0NRT,296,53.4,D
26.593,94.943,359.6,1,1,1/28/2021,700,A,99,6.0NRT,297.1,84.9,D
26.616,94.98,309,1,1,1/28/2021,700,A,65,6.0NRT,298.8,5.8,D
26.686,95.148,305.1,1,1,1/28/2021,700,A,23,6.0NRT,294,3.7,D
26.757,95.141,307.3,1,1,1/28/2021,700,A,62,6.0NRT,297.1,5.9,D
26.797,95.228,305.8,1,1,1/28/2021,700,A,54,6.0NRT,294.6,5.7,D
26.76,94.892,310.2,1,1,1/28/2021,700,A,67,6.0NRT,295.5,8.2,D
26.729,94.66,307.7,1,1,1/28/2021,700,A,61,6.0NRT,296.2,5.9,D
26.873,95.522,321.8,1.1,1,1/28/2021,700,A,81,6.0NRT,298.2,20.9,D
26.872,95.511,306,1.1,1,1/28/2021,700,A,53,6.0NRT,293.7,7.3,D
26.882,95.524,303.9,1.1,1,1/28/2021,700,A,41,6.0NRT,293.3,6,D
26.881,95.513,326.7,1.1,1,1/28/2021,700,A,84,6.0NRT,293.7,27.5,D
26.834,95.091,307,1,1,1/28/2021,700,A,60,6.0NRT,294.4,5.5,D
26.84,94.996,313,1,1,1/28/2021,700,A,71,6.0NRT,294.4,9.5,D
26.838,94.986,311.5,1,1,1/28/2021,700,A,68,6.0NRT,295.1,8.6,D
26.869,95.074,307.7,1,1,1/28/2021,700,A,56,6.0NRT,295.8,4.6,D
26.836,94.831,310,1,1,1/28/2021,700,A,64,6.0NRT,296.2,6.7,D
27.01,95.171,308.8,1,1,1/28/2021,700,A,53,6.0NRT,297.9,5,D
26.65,92.188,315.3,1.1,1,1/28/2021,700,A,69,6.0NRT,298.7,10,D
27.003,94.511,311.9,1,1,1/28/2021,700,A,37,6.0NRT,300.7,4.7,D
27.021,94.513,313,1,1,1/28/2021,700,A,45,6.0NRT,301.5,6.2,D
27.045,94.55,317.8,1,1,1/28/2021,700,A,73,6.0NRT,300.9,9.4,D
27.084,94.106,312,1,1,1/28/2021,700,A,59,6.0NRT,300.4,4.3,D
27.529,97.382,324.5,1.3,1.1,1/28/2021,700,A,83,6.0NRT,296.8,28.4,D
27.527,97.369,312.2,1.3,1.1,1/28/2021,700,A,72,6.0NRT,296.8,12.5,D
26.654,90.995,309.7,1.2,1.1,1/28/2021,700,A,51,6.0NRT,297.6,6.6,D
27.22,94.486,327.3,1,1,1/28/2021,700,A,83,6.0NRT,300.2,19.9,D
27.218,94.476,318.7,1,1,1/28/2021,700,A,75,6.0NRT,299.6,11.1,D
26.718,91.123,310.1,1.2,1.1,1/28/2021,700,A,63,6.0NRT,296.8,7.8,D
27.515,95.789,312.2,1.1,1,1/28/2021,700,A,69,6.0NRT,300.5,6.6,D
27.513,95.778,314.8,1.1,1,1/28/2021,700,A,73,6.0NRT,300.6,9.2,D
27.39,94.382,315,1,1,1/28/2021,700,A,72,6.0NRT,301.1,7.5,D
28.166,97.103,306.3,1.3,1.1,1/28/2021,700,A,54,6.0NRT,293.5,12,D
27.974,95.506,314.7,1.1,1,1/28/2021,700,A,75,6.0NRT,299.3,9.7,D
27.982,95.509,311.6,1.1,1,1/28/2021,700,A,52,6.0NRT,298.2,7.3,D
28.676,96.115,304.9,1.1,1.1,1/28/2021,700,A,31,6.0NRT,293.6,8.4,D
28.707,96.176,323.4,1.2,1.1,1/28/2021,700,A,82,6.0NRT,287.7,28,D
28.706,96.164,308.5,1.2,1.1,1/28/2021,700,A,50,6.0NRT,289.7,12.3,D
28.898,95.851,308.9,1.1,1.1,1/28/2021,700,A,57,6.0NRT,288.6,10.7,D
28.897,95.84,320.7,1.1,1.1,1/28/2021,700,A,80,6.0NRT,295.7,21.7,D
12.286,106.608,302.1,2.8,1.6,1/28/2021,1445,T,47,6.0NRT,288.7,19.2,N
12.289,106.601,303.4,2.8,1.6,1/28/2021,1445,T,55,6.0NRT,288.9,22.7,N
12.426,106.806,306.3,2.7,1.6,1/28/2021,1445,T,68,6.0NRT,290.2,25.2,N
12.416,106.803,304.8,2.7,1.6,1/28/2021,1445,T,60,6.0NRT,290.3,20.8,N
12.465,106.667,300.2,2.8,1.6,1/28/2021,1445,T,22,6.0NRT,288.9,13.3,N
12.243,105.147,300.4,3.6,1.8,1/28/2021,1445,T,26,6.0NRT,284.3,21.4,N
12.497,105.882,302.4,3.2,1.7,1/28/2021,1445,T,49,6.0NRT,283.3,26,N
12.496,105.875,300.6,3.2,1.7,1/28/2021,1445,T,30,6.0NRT,283.5,20.1,N
12.804,106.832,300.5,2.6,1.6,1/28/2021,1445,T,30,6.0NRT,282.9,17.4,N
12.878,106.482,302.4,2.8,1.6,1/28/2021,1445,T,49,6.0NRT,287.8,18.1,N
12.966,106.105,305.3,3,1.6,1/28/2021,1445,T,64,6.0NRT,289,27.1,N
13.224,107.426,303.2,2.3,1.5,1/28/2021,1445,T,54,6.0NRT,281.7,19,N
13.221,107.405,300,2.3,1.5,1/28/2021,1445,T,13,6.0NRT,281.9,13.1,N
12.986,105.961,309.7,3,1.7,1/28/2021,1445,T,78,6.0NRT,288.9,42.3,N
12.981,105.934,302.2,3.1,1.7,1/28/2021,1445,T,47,6.0NRT,289,19.2,N
12.986,105.956,312.6,3,1.7,1/28/2021,1445,T,85,6.0NRT,288.9,53.5,N
13.044,106.112,302.4,3,1.6,1/28/2021,1445,T,49,6.0NRT,289.5,15.7,N
13.02,105.893,307.1,3.1,1.7,1/28/2021,1445,T,70,6.0NRT,289.4,33.3,N
13.119,106.368,305.9,2.8,1.6,1/28/2021,1445,T,66,6.0NRT,287.7,27.6,N
13.115,106.342,300.9,2.8,1.6,1/28/2021,1445,T,35,6.0NRT,287.7,14.2,N
13.162,106.36,300.9,2.8,1.6,1/28/2021,1445,T,35,6.0NRT,287.5,13.9,N
13.165,106.353,300.5,2.8,1.6,1/28/2021,1445,T,29,6.0NRT,287.5,13.6,N
13.216,106.396,303.4,2.8,1.6,1/28/2021,1445,T,55,6.0NRT,287.4,20.9,N
13.67,106.64,300.1,2.6,1.6,1/28/2021,1445,T,6,6.0NRT,282.6,13.4,N
13.688,106.661,300.4,2.6,1.6,1/28/2021,1445,T,8,6.0NRT,282.6,13.4,N
13.675,106.634,302.9,2.6,1.6,1/28/2021,1445,T,52,6.0NRT,282.9,20.3,N
13.693,106.655,300.6,2.6,1.6,1/28/2021,1445,T,23,6.0NRT,282.9,14.7,N
13.621,105.743,302.2,3.1,1.7,1/28/2021,1445,T,47,6.0NRT,288.1,19.3,N
13.621,105.736,303.4,3.1,1.7,1/28/2021,1445,T,55,6.0NRT,288.2,24.3,N
13.778,106.534,326.8,2.7,1.6,1/28/2021,1445,T,100,6.0NRT,288.6,102.2,N
13.774,106.51,312.8,2.7,1.6,1/28/2021,1445,T,86,6.0NRT,287.1,46.5,N
13.751,106.046,300.5,2.9,1.6,1/28/2021,1445,T,29,6.0NRT,286,15.6,N
13.753,106.041,301.4,2.9,1.6,1/28/2021,1445,T,41,6.0NRT,286.4,18.2,N
14.35,104.351,301,3.8,1.8,1/28/2021,1445,T,37,6.0NRT,288.6,25.3,N
21.482,109.423,314.7,1.2,1.1,1/28/2021,1445,T,90,6.0NRT,285.2,20.5,N
21.491,109.422,326.1,1.2,1.1,1/28/2021,1445,T,100,6.0NRT,284.7,35.4,N
22.277,110.312,303.3,1.1,1,1/28/2021,1445,T,55,6.0NRT,283.4,9.3,N
22.657,110.628,321.4,1.1,1,1/28/2021,1445,T,100,6.0NRT,285.9,23,N
22.655,110.618,300.7,1.1,1,1/28/2021,1445,T,10,6.0NRT,284.1,6.1,N
22.666,110.627,303.7,1.1,1,1/28/2021,1445,T,56,6.0NRT,283.9,8.2,N
23.884,115.662,311.5,1.4,1.2,1/28/2021,1445,T,83,6.0NRT,283,20.4,N
23.882,115.648,363.4,1.4,1.2,1/28/2021,1445,T,100,6.0NRT,286.6,154,N
23.88,115.635,304.1,1.4,1.2,1/28/2021,1445,T,58,6.0NRT,282,13.2,N
23.894,115.66,310.4,1.4,1.2,1/28/2021,1445,T,80,6.0NRT,282,19.9,N
23.892,115.647,302,1.4,1.2,1/28/2021,1445,T,46,6.0NRT,281.6,11.6,N
26.452,117.412,310,1.9,1.4,1/28/2021,1445,T,79,6.0NRT,277.8,36.7,N
26.674,114.42,300.1,1.2,1.1,1/28/2021,1445,T,17,6.0NRT,277.4,10.9,N
26.571,101.654,304.6,3.2,1.7,1/28/2021,1445,T,61,6.0NRT,283.3,49.7,N
26.575,101.68,302.7,3.2,1.7,1/28/2021,1445,T,51,6.0NRT,284,44.1,N
26.569,101.65,300.3,3.2,1.7,1/28/2021,1445,T,25,6.0NRT,283,37.6,N
5.431,114.708,307.5,1,1,1/28/2021,1440,T,55,6.0NRT,290.9,5.9,N
11.92,99.083,305.2,3.6,1.8,1/28/2021,1620,T,24,6.0NRT,289.2,41.3,N
23.89,115.649,312.2,3.1,1.7,1/28/2021,1730,A,84,6.0NRT,280.4,76.7,N
23.888,115.678,313.9,3.1,1.7,1/28/2021,1730,A,88,6.0NRT,280.2,82.4,N
23.89,115.644,305,3.1,1.7,2021-01-28,1730,A,62,6.0NRT,279.6,53.4,N
23.888,115.673,318.4,3.1,1.7,2021-01-28,1730,A,97,6.0NRT,280.7,104.7,N
23.875,115.642,326.6,3.1,1.7,2021-01-28,1730,A,100,6.0NRT,281.3,147.5,N
23.873,115.672,321,3.1,1.7,2021-01-28,1730,A,100,6.0NRT,281.6,114.6,N
26.584,101.667,332.1,1,1,2021-01-28,1905,A,100,6.0NRT,282.3,36.3,N
26.582,101.676,317.7,1,1,2021-01-28,1905,A,95,6.0NRT,281.9,19.4,N
19.347,97.276,304.2,1.1,1,2021-01-28,1910,A,59,6.0NRT,292.5,6.3,N
19.163,97.096,302,1.1,1,2021-01-28,1910,A,46,6.0NRT,290.6,6,N
18.203,100.413,307.4,1.1,1,2021-01-28,1910,A,71,6.0NRT,290.9,8.5,N
18.201,100.423,310.4,1.1,1,2021-01-28,1910,A,80,6.0NRT,290.9,11.1,N
17.315,100.416,302.4,1.1,1,2021-01-28,1910,A,49,6.0NRT,291.6,5.5,N
16.954,102.19,301.6,1.4,1.2,2021-01-28,1910,A,43,6.0NRT,288.1,9.5,N
16.739,101.948,300.6,1.4,1.2,2021-01-28,1910,A,30,6.0NRT,288.6,7.7,N
16.895,100.609,303.3,1.1,1.1,2021-01-28,1910,A,54,6.0NRT,290.8,5.5,N
16.894,100.62,303.4,1.1,1.1,2021-01-28,1910,A,54,6.0NRT,291.5,5.5,N
16.809,100.998,304.1,1.2,1.1,2021-01-28,1910,A,58,6.0NRT,288.7,8.3,N
16.54,99.651,305,1.1,1,2021-01-28,1910,A,62,6.0NRT,290.4,7.9,N
15.85,100.646,301.5,1.2,1.1,2021-01-28,1910,A,20,6.0NRT,290.2,4,N
15.849,100.656,303.9,1.2,1.1,2021-01-28,1910,A,57,6.0NRT,290.7,5.9,N
15.847,100.667,302.8,1.2,1.1,2021-01-28,1910,A,46,6.0NRT,290.5,4.8,N
